result_id,milestone
0845Maqrizi.Mawaciz.Shamela0011566-ara1.2,ms0427
0845Maqrizi.Mawaciz.Shamela0011566-ara1.8,ms1094
0845Maqrizi.Mawaciz.Shamela0011566-ara1.8,ms1095
0845Maqrizi.Mawaciz.Shamela0011566-ara1.9,ms1105
0845Maqrizi.Mawaciz.Shamela0011566-ara1.10,ms1296
0845Maqrizi.Mawaciz.Shamela0011566-ara1.11,ms1299
0845Maqrizi.Mawaciz.Shamela0011566-ara1.11,ms1300
0845Maqrizi.Mawaciz.Shamela0011566-ara1.12,ms1409
0845Maqrizi.Mawaciz.Shamela0011566-ara1.12,ms1410
0845Maqrizi.Mawaciz.Shamela0011566-ara1.16,ms1762
0845Maqrizi.Mawaciz.Shamela0011566-ara1.17,ms1789
0845Maqrizi.Mawaciz.Shamela0011566-ara1.18,ms1840
0845Maqrizi.Mawaciz.Shamela0011566-ara1.21,ms2118
0845Maqrizi.Mawaciz.Shamela0011566-ara1.21,ms2119
0845Maqrizi.Mawaciz.Shamela0011566-ara1.22,ms2119
0845Maqrizi.Mawaciz.Shamela0011566-ara1.22,ms2120
0845Maqrizi.Mawaciz.Shamela0011566-ara1.23,ms2123
0845Maqrizi.Mawaciz.Shamela0011566-ara1.23,ms2124
