phrase,book
اشتداد الغلا به وعدم الاقوات وارسل القاضي ابا محمد بن الطليعه الذي كان صاحب جبله وهو يومذ بدمشق عرض الحصن عليه ايضا وهو بدمشق ويقول ,0692IbnCabdZahir.TashrifAyyam.GVDB20200720-ara1
اشتد الغلا وعم الناس البلا وانتهي القمح الي مايه سبعه ستين درهم وكذا الاردب وعدت من الاسكندريه الي الابواب السلطانيه فوجدت حال اهل القاهره قد ,0725BaybarsMansuri.ZubdatFikra.GVDB20201027-ara1.completed
قحط شديد علي عهد موسي رسول الله صلي الله عليه وسلم فخرج موسي ببني اسرايل يستسقي بهم فلم يسقوا حتي خرج ثلاث مرات ولم يسقوا ,0505Ghazali.IhyaCulumDin.JK000001-ara1
قحط شديد علي عهد عمر بن الخطاب رضي الله عنه فخرج عمر بالناس يصلي بهم ركعتين وخالف بين طرفي رداه جعل اليمين علي اليسار واليسار ,0281IbnAbiDunya.Hawatif.JK000050-ara1.mARkdown
اشتد الغلا بالديار المصريه حتي بيع القمح كل اردب بماه وعشرين درهما ثم تزايد حتي بلغ ماه وستين والشعير بثمانين درهما كل اردب والخبز كل ,0821Qalqashandi.Maathir.JK000401-ara1
القحط والجوع قوله تعالي النحل وضرب الله مثلا وضرب الله مثلا قريه كانت امنه ذات امن لا يغار علي اهلها مطمنه قاره باهلها لا يحتاجون ,0468IbnAhmadWahidiNaysaburi.WajizFiTafsir.JK000462-ara1
القحط والجوع سبع سنين اذا هم يجارون يضجون ويجزعون ونقول لهم الممنون لا تجاروا اليوم لا تجاروا اليوم انكم منا لا تنصرون لا تمنعون ولا ,0468IbnAhmadWahidiNaysaburi.WajizFiTafsir.JK000462-ara1
القحط والجوع كما بلونا اصحاب الجنه كما امتحنا اصحاب البستان باحراقها وذهاب قوتهم منها وكانوا قوما بناحيه اليمن وكان لهم اب وله جنه كان يتصدق ,0468IbnAhmadWahidiNaysaburi.WajizFiTafsir.JK000462-ara1
القحط والجوع ويستخلفكم في الارض يجعلكم سكان الارض ارض مصر فينظر كيف تعملون في طاعته الاعراف ولقد اخذنا ال ولقد اخذنا ال فرعون قومه بالسنين ,0817MajdDinFiruzabadi.TanwirMiqbas.JK000865-ara1
القحط والجوع عاما بعد عام ونقص من الثمرات من ذهاب الثمرات لعلهم يذكرون لكي يتعظوا الاعراف فاذا جاتهم الحسنه فاذا جاتهم الحسنه الخصب والرخا والنعيم ,0817MajdDinFiruzabadi.TanwirMiqbas.JK000865-ara1
اشتد الغلا في عامه بلاد الاسلام فانجلي من اهل مكه كثير ورحل عنها عاملها وهو بره وبلغ الكر الحنطه ببغداد عشرين وماه دينار ودام ذلك ,0630IbnAthirCizzDin.Kamil.JK000911-ara1.mARkdown
اشتد الغلا بها ففارقها ابو طلحه ودخلها رافع فاقام بها وذلك سنه تسع وستين وماتين فسار ابو طلحه الي مرو وولي محمد بن مهتدي هراه ,0630IbnAthirCizzDin.Kamil.JK000911-ara1.mARkdown
اشتد الغلا والوبا وكثر الموت حتي كان يدفن الجماعه في القبر الواحد ولا يغسلون ولا يصلي عليهم ورخص العقار ببغداد والاثاث حتي بيع ما ثمنه ,0630IbnAthirCizzDin.Kamil.JK000911-ara1.mARkdown
اشتد الغلا لا سيما بالعراق وبيع الخبز اربعه ارطال بقيراطين صحيح اميري واكل الضعفا الميته وكثر الوبا والموت جدا وفيها في ريبع الاخر وصل الروم ,0630IbnAthirCizzDin.Kamil.JK000911-ara1.mARkdown
اشتد الغلا ببغداد حتي اكل الناس الميته والكلاب والسنانير واخذ بعضهم ومعه صبي قد شواه لياكله واكل الناس خروب الشوك فاكثروا منه وكانوا يسلقون حبه ,0630IbnAthirCizzDin.Kamil.JK000911-ara1.mARkdown
اشتد الغلا علي الروم وكان شديدا قبل نزولهم فلها طمعوا في البلاد لعدم الاوات عندهم فلما نزل الروم زاد شده وكثر الوبا ايضا فمات من ,0630IbnAthirCizzDin.Kamil.JK000911-ara1.mARkdown
اشتد الغلا بالعراق واضطرب الناس فسعر السلطان الطعام فاشتد البلا فدعته الضروره الي ازاله التسعير فسهل الامر وخرج الناس من العراق الي الموصل والشام وخراسان ,0630IbnAthirCizzDin.Kamil.JK000911-ara1.mARkdown
اشتد الغلا بالعراق فضج العامه وشغب الجند وكانت فتنه وفيها توفي عبد الصمد الزاهد ودفن عند قبر احمد وكان غايه في الزهد والورع وفيها هب ,0630IbnAthirCizzDin.Kamil.JK000911-ara1.mARkdown
اشتد الغلا بخراسان جميعها وعدم القوت حتي اكل الناس بعضهم بعضا فكان الانسان يصيح الخبز الخبز ويموت ثم تبعه وبا عظيم حتي عجز الناس عن ,0630IbnAthirCizzDin.Kamil.JK000911-ara1.mARkdown
اشتد الغلا حتي ان امراه اكلت رغيفا بالف دينار فاستبعد ذلك فقيل انها باعت عروضا قيمتها الف دينار بثلاثماه دينار واشترت بها حنطه حملها الحمال ,0630IbnAthirCizzDin.Kamil.JK000911-ara1.mARkdown
اشتد الغلا بافريقيه ودامت ايامه فان اوله كان سنه سبع وثلاثين وخمسماه وعظم الامر علي اهل البلاد حتي اكل بعضهم بعضا وقصد اهل البوادي المدن ,0630IbnAthirCizzDin.Kamil.JK000911-ara1.mARkdown
اشتد الغلا في العسكر وعدمت الاقوات فرحلوا عنها وعادوا الي اشبيليه فاقاموا بها ذكر عده حوادث في هذه السنه فلي ربيع الاخر توفي العبادي الواعظ ,0630IbnAthirCizzDin.Kamil.JK000911-ara1.mARkdown
اشتد الغلا وكان عاما في سار البلاد فبيعت الغراره الحنطه بدمشق وهي اربعه عشر مكوكا بالموصلي بعشرين دينارا صوريه عتق وكان الشعير بالموصل كل ثلاث ,0630IbnAthirCizzDin.Kamil.JK000911-ara1.mARkdown
اشتد الغلا علي الفرنج حتي بلغت غراره الحنطه اكثر من ماه دينار صوري فصبروا علي هذا وكان المسلمون يحملون اليهم الطعام من البلدان منهم الامير ,0630IbnAthirCizzDin.Kamil.JK000911-ara1.mARkdown
اشتد الغلا بالبلاد المصريه لعدم زياده النيل وتعذرت الاقوات حتي اكل الناس الميته واكل بعضهم بعضا ثم لحقهم عليه وبا وموت كثير افني الناس وفي ,0630IbnAthirCizzDin.Kamil.JK000911-ara1.mARkdown
اشتد الغلا بالموصل وديار الجزيره جميعها فاكل الناس الميته والكلاب والسنانير فقل الكلاب والسنانير بعد ان كانوا كثيرا ولقد دخلت يوما الي داري فرايت الجواري ,0630IbnAthirCizzDin.Kamil.JK000911-ara1.mARkdown
وعم الغلا سار البلاد من الحجاز والعراق والموصل والجزيره والشام وغير ذلك الا انه لم يبلغ الشده التي بالمدينه وفيها كان الناس في البلاد التي ,0630IbnAthirCizzDin.Kamil.JK000911-ara1.mARkdown
وعم الغلا تلك الاصقاع حتي اكل الناس الميته والكلاب واكل الناس بعضهم بعضا وساروا الي الري فلما وصلوا اليها انضم اليهم النظاميه وغيرهم فكثر جمعهم ,0630IbnAthirCizzDin.Kamil.JK000911-ara1.mARkdown
الغلا والقحط بدمشق فحمل بكجور الاقوات من حمص اليه وتردد الناس في حمل الغلات وحفظ الطرق وحماها وكتب الي العزيز بالله بمصر وتقرب اليه فوعده ,0630IbnAthirCizzDin.Kamil.JK000911-ara1.mARkdown
الغلا قد اشتد عليهم وقد عجزوا عن القوت واكلوا الكلاب والميته وقد كثر فيهم الوبا فيموت منهم في اليوم نحو ثلاثماه نفس فعاد تفقور عن ,0630IbnAthirCizzDin.Kamil.JK000911-ara1.mARkdown
الغلا قد اشتد بالناس لعدم الغلات والاقوات لهرب الاكره عن بلادهم ويطلب منه ان يتاخر هذه الدفعه الي ان ينصلح حال البلاد ثم يعود اليها ,0630IbnAthirCizzDin.Kamil.JK000911-ara1.mARkdown
قحط شديد حتي انهم لم يقدروا من شدته علي الغزو وفيها عسكر عبد الملك بن مروان ببطنان وهو قريب من قنسرين وشتا بها ثم رجع ,0630IbnAthirCizzDin.Kamil.JK000911-ara1.mARkdown
قحط شديد حتي كانت الاندلس تخرب لشده الجوع ثم بعده ابقه خمس عشره سنه وكان جارا مذموما ثم ملك بعده ابنه غيطشه وكانت ولايته سنه ,0630IbnAthirCizzDin.Kamil.JK000911-ara1.mARkdown
قحط شديد فكتب الجنيد الي الكور بحمل الطعام الي مرو فاعطي الجنيد رجلا درهما فاشتري به رغيفا فقال لهم اتشكون الجوع ورغيف بدرهم لقد رايتني ,0630IbnAthirCizzDin.Kamil.JK000911-ara1.mARkdown
قحط شديد تتابع عليهم من سنه احدي وخمسين الي سنه خمس وخمسين وكشف الله عنهم وفيها وصل دلف بن عبد العزيز بن ابي دلف العجلي ,0630IbnAthirCizzDin.Kamil.JK000911-ara1.mARkdown
اشتد الغلا اتاه فقال قد غلا السعر فلو نقصنا من هذا فقال انت شيطان او رسول الشيطان صيره كرين فكان له في كل يوم بعد ,0571IbnCasakir.TarikhDimashq.JK000916-ara1.mARkdown
قحط شديد علي عهد عمر فخرج عمر بالناس فصلي بهم ركعتين وخالف بين طرفي رداه فجعل اليمين علي اليسار واليسار علي اليمين ثم بسط يده ,0571IbnCasakir.TarikhDimashq.JK000916-ara1.mARkdown
اشتد الغلا بمكه توجه في اثنا سنه تسع وتسعين بحرا اما للشام او لمصر او لهما انجح الله قصده محمد بن محمد بن محمد بن ,0902Sakhawi.DawLamic.JK003608-ara1.completed
الغلا المفرط ثم في اواخر الدوله صرف عنها واستقر استادار الصحبه ثم اعيد اليها في مرض موت الميد وحصل له في اوال دوله الاشرف انحطاط ,0902Sakhawi.DawLamic.JK003608-ara1.completed
الغلا المفرط وختم المجلس بقصيده اولها اقول لم يشكو توقف نيلنا سل الله يمدده بفضل وتاييد يقول في اخرها وانت فغفار الذنوب وساتر ال عيوب ,0902Sakhawi.DawLamic.JK003608-ara1.completed
الغلا المفرط ذكره شيخنا في انباه والمقريزي في عقوده وطوله محمد بن عبد الواحد بن عبد الحميد بن مسعود الكمال بن همام الدين بن حميد ,0902Sakhawi.DawLamic.JK003608-ara1.completed
اشتداد الغلا وتشحط الحوانيت من الخبز ثم صرف ثم ولي وكاله بيت المال ونظر الكسوه في رجب التي تليها ثم اضيفت الحسبه اليهما بل كان ,0902Sakhawi.DawLamic.JK003608-ara1.completed
قحط شديد وجدب فجعلت القبيله تقبل الي المدينه باجمعهم ويقولون اسلمنا فكانوا يضيقون علي اهل المدينه منازلهم ويلوثون الطرقات فانزل الله تعالي هذه الايه فردهم ,0489IbnMuhammadSamcani.TafsirQuran.JK006476-ara1
اشتد الغلا بالقاهره واكثر السلطان من الصدقات وعمل الخير وفرق الذهب والفضه وخرج البلقيني بالناس الي الجامع الازهر فدعا برفع الغلا وكانت ساعه عظيمه وكان ,0852IbnHajarCasqalani.InbaGhumr.JK009239-ara1
اشتد الغلا بدمشق وبلغت الغراره من ستماه الي سبعماه فنادي الناب في الفقرا بالاجتماع فاجتمعوا بالميدان ففرقهم علي الاغنيا ما بين الامرا والقضاه والتجار فقل ,0852IbnHajarCasqalani.InbaGhumr.JK009239-ara1
اشتد الغلا وكان الاردب عندهم بربع دينار فارتفع بعد ذلك اضعاف مضاعفه ثم رجع السعيد الي حصار فاس وقد انتهبت الاعمال والنواحي في ربيع الاخر ,0852IbnHajarCasqalani.InbaGhumr.JK009239-ara1
اشتد الغلا بالرمله ونابلس وكثر فساد محمد بن بشاره بمعامله صفد وفيه كان وقعه بين ناب حلب وكزل فانهزم كزل وجرح وجماعه من اصحابه استولي ,0852IbnHajarCasqalani.InbaGhumr.JK009239-ara1
وعم الغلا حتي حدث منه الشداد واعقبه الوبا المفرط وفيه اعيد اقبغا الجمالي لكشف الوجه القبلي وفي ربيع الاخر نزل بعض المماليك من الطباق لنهب ,0852IbnHajarCasqalani.InbaGhumr.JK009239-ara1
الغلا المفرط بدمشق واوفي النيل ثالث مسري وانتهي الي عشرين اصبعا من عشرين ذراعا وفي شعبان وقع الوبا في البقر حتي كاد اقليم مصر ان ,0852IbnHajarCasqalani.InbaGhumr.JK009239-ara1
الغلا المفرط بحلب ثم اعقبه الطاعون فمات بشر كثير وفي اوال هذا السنه اخذ الفرنج سبته من ايدي المسلمين بعد ان كانت في ايديهم وفي ,0852IbnHajarCasqalani.InbaGhumr.JK009239-ara1
الغلا المفرط حتي اكلوا الكلاب وفي شوال اغار علي قرقماس بنحسين بن نعير علي ابن عمه مدلج ابن علي بن نعير فانهزم قرقماس ودخل مدلج ,0852IbnHajarCasqalani.InbaGhumr.JK009239-ara1
الغلا المفرط محمد بن عبد الوهاب بن نصر الله شرف الدين ابو الطيب بن تاج الدين ولد في ذي القعده سنه سبع وتسعين ونشا في ,0852IbnHajarCasqalani.InbaGhumr.JK009239-ara1
الغلا المفرط ثم في اواخر الدوله صرف عنها واستقر استادار الصحبه وفي مرض موت الميد اعيد وحصل له في اوال دوله الاشرف انحطاط منزله وهو ,0852IbnHajarCasqalani.InbaGhumr.JK009239-ara1
الغلا قد اشتد فيها فخرجوا الي الاستسقا فاستسقوا في شهر رجب فخطب بهم في اليوم الثاني ابو زرعه ابن القاضي شرف الدين الانصاري ثم عادوا ,0852IbnHajarCasqalani.InbaGhumr.JK009239-ara1
قحط شديد حتي اكلوا الكلاب والجيف واستغاثوا بالنبي صلي الله عليه وسلم ليدعو لهم قال الله تعالي قل للمشركين دعوا لذين زعمتم انها الهه من ,0800IbnCadilHanbali.LubabFiCulumKitab.JK009266-ara1
القحط والجوع عادوا الي التكذيب فانتقم الله منهم يوم بدر الثاني انهن يوم القيامه قال ابن الخطيب وهذا القول اصح لان يوم بدر لا يبلغ ,0800IbnCadilHanbali.LubabFiCulumKitab.JK009266-ara1
القحط والجوع وشده الازمه في الدنيا وهذا مصداق قوله صلي الله عليه وسلم حصنوا اموالكم بالزكاه وقال تعالي ان للمتقين عند ربهم جنات النعيم افنجعل ,0656IbnCabdQawiMundhiri.TarghibWaTarhib.Sham19Y0013223-ara2
القحط المفرط فاخذتهم سنه حتي اكملوا الجيف والميته و ابو جهل هو عمرو بن هشام المخزومي فرعون هذه الامه و عليك به اي باهلاكه اي ,0786ShamsDinKirmani.Kawakib.Sham19Y0013605-ara1
قحط شديد علي عهد موسي عليه السلام فخرج موسي يستسقي ببني اسرانيل فلم يسقوا حتي خرج الثالثه فاوحي الله اليه اني لا استجيب لك ولا ,0804IbnMulaqqin.IclamBiFawaid.Sham19Y0013769-ara1
قحط شديد حتي اكلوا الكلاب والجيف فاستغاثوا بالنبي صلي الله عليه وسلم ليدعو لهم فنزلت قرا عاصم وحمزه ويعقوب قل ادعوا بكسر اللام في الوصل ,0928MujirDinCulaymi.FathRahman.Sham19Y0014404-ara1
قحط شديد وكان دحيه بن خليفه الكلبي ياتيهم بكل ما يحتاجون اليه من بر وشعير وغيرهما من الشام وكان اذا قدم ضرب الطبل ليعلم به ,0928MujirDinCulaymi.FathRahman.Sham19Y0014404-ara1
القحط والجوع عنكم ولا تحويلا لكم من العسر الي اليسر اولك الذين يدعون يبتغون الي ربهم الوسيله ايهم اقرب ويرجون رحمته ويخافون عذابه ان عذاب ,0928MujirDinCulaymi.FathRahman.Sham19Y0014404-ara1
القحط والجوع كما بلونا اصحاب الجنه بستان يقال له ضروان باليمن دون صنعا بفرسخين كان لرجل وكان اذا جذه ترك ما يتعداه المنجل وما يسقط ,0928MujirDinCulaymi.FathRahman.Sham19Y0014404-ara1
اشتد الغلا في سنه ثلاث وسبعين وفقد الخبز واقترن بذلك وبا عظيم فهلك فيه عالم من البشر العزيز بالله يقبض علي وزيره يعقوب بن يوسف ,0458YahyaIbnSacidAntaki.Tarikh.Sham19Y0014512-ara1
الغلا المفرط في بغداد والبصره وفاه القام بامر الله صاحب المغرب ابو الطاهر اسماعيل الملقب بالمنصور يتولي خلافه المغرب حوادث سنه ه المنصور يقتل ابا ,0458YahyaIbnSacidAntaki.Tarikh.Sham19Y0014512-ara1
الغلا والقحط الدره المضيه ريحا بكسر اوله وسكون ثانيه مدينه قرب بيت المقدس من اعمال الاردن بالغور بينها وبين بيت المقدس خمسه فراسخ ويقال لها ,0458YahyaIbnSacidAntaki.Tarikh.Sham19Y0014512-ara1
اشتداد الغلا والوبا في برقه وسار المغرب حوادث سنه ه هياج ريح شديده في مصر مع رعد وبرد عظيم الصفحه الموضوع ظهور كوكب عظيم يسطع ,0458YahyaIbnSacidAntaki.Tarikh.Sham19Y0014512-ara1
القحط المفرط في الموضعين باب قوله فلما جاه الرسول يوسف حاش وحاشا لله تنزيه واستثنا اي تاره يكون استثنا والا فهي ايه تنزيه لا غير ,0893IbnIsmacilShihabDinKurani.KawtharJari.Sham19Y0016584-ara1
القحط والجوع اذ لا عذاب بعد الموت اشد منه وفي لفظ سنين شذوذان الجمع باليا والنون وكسر السين غفار غفر الله لها بالغين المعجمه المكسوره ,0893IbnIsmacilShihabDinKurani.KawtharJari.Sham19Y0016584-ara1
الغلا والقحط وقال مالك للامام التسعير عند غلا الاقوات فان خالفوا ادبهم الا ان يمتنعوا عن البيع اصلا فلا يجبروا وقيل عنه انه له يبيع ,0502CabdWahidRuyani.BahrMadhhab.Sham19Y0016934-ara1
اشتد الغلا ببغداد وعامه بلاد العراق حتي ابيع الرغيف الخبز بدينار والرطل اللحم بدينار ونصف قتال ناب حلب وابن دلغادر وفيه خرج ناب حلب يلبغا ,0920IbnKhalilZaynDinMalati.NaylAmal.Sham19Y0017097-ara1
اشتد الغلا بدمشق وثار العوام برجل يعرف بابن النشو كان يحتكر الغلال فقتلوه شر قتله وحرقوه بالنار وكان ذلك في يوم خروج الناس للاستسقا وصول ,0920IbnKhalilZaynDinMalati.NaylAmal.Sham19Y0017097-ara1
اشتد الغلا بمصر والشام المحمل الشامي وفيه اقام شيخ نايب الشام المحمل الشامي وصنع له ثوبا صرف عليه خمسه وثلاثين الف درهم فضه ونودي بالحج ,0920IbnKhalilZaynDinMalati.NaylAmal.Sham19Y0017097-ara1
اشتد الغلا بمكه في ايام الموسم وعز بمكه وجود الفلفل وكان قل بمصر حتي ابيع الحمل بمايتي دينار وعشرين دينارا بعد ما كان بستين الامن ,0920IbnKhalilZaynDinMalati.NaylAmal.Sham19Y0017097-ara1
اشتد الغلا مع عدم وجود ما يشتري من قمح ودقيق وخبز خروج الجلال البلقيني للاستسقا وفيه خرج الجلال البلقيني ماشيا الي الصحرا ومعه خلق لا ,0920IbnKhalilZaynDinMalati.NaylAmal.Sham19Y0017097-ara1
اشتد الغلا عندهم لزوم السلطان الفراش وفيه لزم السلطان الفراش لمعاوده الم رجله علي العاده صفر وصول قاصد ابن قرمان وفي صفر خرج السلطان الي ,0920IbnKhalilZaynDinMalati.NaylAmal.Sham19Y0017097-ara1
اشتد الغلا بالناس وحصل عليهم من ذلك شده الطاعون بالبحيره وفيه ورد الخبر بفشا الطاعون باقليم البحيره وبعض بلاد الغربيه وظهر ايضا بالقاهره بعض ظهور ,0920IbnKhalilZaynDinMalati.NaylAmal.Sham19Y0017097-ara1
وعم الغلا كل بلاد هذه المملكه وارخت هذه السنه ولقبت بسنه الشراقي ومن حينذ لم تنحط الاسعار الا يسيرا وتعود بل ودام الغلا في بعض ,0920IbnKhalilZaynDinMalati.NaylAmal.Sham19Y0017097-ara1
الغلا المفرط وفي رمضان كان الغلا في شده الافراط في سار الماكولات سيما اللحوم واحتاجت الفلاحين الي الابقار لاجل الحرث والي التقاوي لاجل الزراعه فعز ,0920IbnKhalilZaynDinMalati.NaylAmal.Sham19Y0017097-ara1
الغلا المفرط بمكه وفاه قاده بمكه وفيه مات من قواد مكه بطيخ بن احمد بن عبد الكريم النصيح العمري وشعيب بن منصور بن راجح وودي ,0920IbnKhalilZaynDinMalati.NaylAmal.Sham19Y0017097-ara1
الغلا والقحط والجراد ما لا يعبر عنه حوادث هذه السنه لا في شهر معين الحرب بنواحي المدينه المنوره وفيها كانت الحرب بنواحي المدينه المشرفه وقتل ,0920IbnKhalilZaynDinMalati.NaylAmal.Sham19Y0017097-ara1
اشتداد الغلا علي الناس الي غير ذلك من اشيا وقام امرا مصر في ذلك حتي ترك فلم يعجب ذلك نسا السلطان ولا ب زالوا به ,0920IbnKhalilZaynDinMalati.NaylAmal.Sham19Y0017097-ara1
اشتداد الغلا وفيه اشتد الغلا بمصر والشام المحمل الشامي وفيه اقام شيخ نايب الشام المحمل الشامي وصنع له ثوبا صرف عليه خمسه وثلاثين الف درهم ,0920IbnKhalilZaynDinMalati.NaylAmal.Sham19Y0017097-ara1
اشتداد الغلا بها وعدم الاقوات وانه اكلت فيها القطاط والكلاب حتي فقدت من مكه فاكل بعض الناس الادميين وكثر الخوف منهم حتي صار الكثير من ,0920IbnKhalilZaynDinMalati.NaylAmal.Sham19Y0017097-ara1
الغلا قد اشتد بالبلاد الروميه تفريق نفقه البيعه وفيه فرق السلطان بيعه النفقه وجلس نظام الملك برسباي لتفرقه ذلك وهو مستشعر الشر فانه جعلها خمسون ,0920IbnKhalilZaynDinMalati.NaylAmal.Sham19Y0017097-ara1
اشتد الغلا بمصر وكثر الوبا وكان يموت في كل يوم مما يحصيه ديوان المواريث نحو العشره الاف خارجا عمن لا يعرف من صعاليك الناس وبلغ ,0736IbnDawadari.KanzDurar.Sham19Y0018147-ara1.completed
اشتد الغلا بمصر وبلغ الاردب القمح ماه درهم والشعير والفول من خمسين الي ستين فنعوذ بالله من امثالها وفيها خطب باسم الملك الكامل ناصر الدين ,0736IbnDawadari.KanzDurar.Sham19Y0018147-ara1.completed
وعم الغلا حتي جزار الفرنج مع بلاد الروم وكانوا سنين صعبه فنعوذ بالله من امثالهم ونساله الاعانه علي ما بقي انه ولي ذلك والقادر عليه ,0736IbnDawadari.KanzDurar.Sham19Y0018147-ara1.completed
الغلا والقحط والموت والفتن ويقال انه ظهر في دمياط سنه اخذوها الفرنج قلت هذا يقال قولا لم اعلم صحته من سقمه كما يقال عن الغول ,0736IbnDawadari.KanzDurar.Sham19Y0018147-ara1.completed
الغلا والقحط ذكر سنه اربع وعشرين واربع مه النيل المبارك في هذه السنه الما القديم اربعه اذرع وعشره اصابع مبلغ الزياده سته عشر ذراعا واصبعان ,0736IbnDawadari.KanzDurar.Sham19Y0018147-ara1.completed
الغلا والقحط حتي كادوا الناس يفنوا جميعا وفيها توفي ابو العلا احمد بن عبد الله بن سليمان المعري الشاعر صاحب كتاب سقط الزند وسياتي ما ,0736IbnDawadari.KanzDurar.Sham19Y0018147-ara1.completed
الغلا والقحط وبا عظيم وموت كثير جدا في السعدا والفقرا اما الفقرا فاكثرهم من الجوع كان يقول الانسان الفقير لله لبابه لله لبابه ويموت مكانه ,0736IbnDawadari.KanzDurar.Sham19Y0018147-ara1.completed
الغلا المفرط اذا ادي الي ضيعته لا يجوز ولا اعرف للشيخ عز الدين سلفا في ذلك الا ما كان من هذا القيد الذي ذكره الغزالي ,0804IbnMulaqqin.Ashbah.Sham19Y0018192-ara1
اشتد الغلا بالديار المصريه لعدم توفيه النيل مع الغلا السابق فبلغنا ان الاردب القمح وصل الي خمسماه ثم الي ستماه ثم الي فنزح الناس عن ,0816IbnHajji.Tarikh.Sham19Y0019065-ara1
الغلا المفرط وموت الجمال ولم يجدوا بالاخضر ما في الذهاب فاعطي التجار للعرب ماها في الرجعه علي حسب عاده الحاج وصبيحه يوم الخميس تاسع عشره ,0816IbnHajji.Tarikh.Sham19Y0019065-ara1
الغلا المفرط بارض الشام والحجاز وان الدقيق بيع وان التمر بيع الصاع باربعين ثم في الرجعه بستين والعسل كل وقيه باربعه ثم وصل بعض الحاج ,0816IbnHajji.Tarikh.Sham19Y0019065-ara1
الغلا المفرط املي مجلسا فيما يتعلق بالاستسقا وهو المجلس الاخير وهو السادس عشر بعد الاربعماه اورد فيه حديث عمرو بن شعيب عن ابيه عن جده ,0852IbnHajarCasqalani.MajmacMuassis.Sham19Y0020861-ara1
القحط والجوع والضرا المرض ونقصان الاموال والانفس والمعني ولقد ارسلنا اليهم الرسل فكذبوهم فاخذناهم لعلهم يتضرعون يتذللون ويتخشعون لربهم ويتوبون عن ذنوبهم فلولا اذ جاهم ,0743SharafDinTibi.FutuhGhayb.Sham19Y0020891-ara1
القحط والجوع بدعوه رسول الله صلي الله عليه وسلم عليهم كما بلونا اصحاب الجنه وهم قوم من اهل الصلاه كانت لابيهم هذه الجنه دون صنعا ,0743SharafDinTibi.FutuhGhayb.Sham19Y0020891-ara1
قحط شديد فاحتال رجل يهودي علي تحصيل قوت يحفظ نفسه ففزع اليه وشفاعته الرغبه في العلم واستاذنه ان يقرا عليه شيا من علم النجوم فاذن ,0436SharifMurtada.Amali.Sham19Y0020937-ara1
اشتد الغلا وكثر الضعيف قالت لي وكان ذلك المخزن له منفس غير بابه فاغلق والدي باب المخزن وكان يخرج الشعير من ذلك المنفس وكان كل ,0832AbuTayyibFasi.CiqdThamin.Sham19Y0020989-ara1
اشتد الغلا في عامه بلاد الاسلام فانجلا من اهل مكه الكثير ورحل عنها عاملها وهو بريه قال ثم حج بالناس ابراهيم بن محمد بن اسماعيل ,0832AbuTayyibFasi.CiqdThamin.Sham19Y0020989-ara1
وعم الغلا سار الماكولات وفحش في السمن كثيرا لان المن منه بلغ سبعه افرنتيه ونصف في اخر ذي القعده وفي ذي القعده من سنه ثلاث ,0832AbuTayyibFasi.CiqdThamin.Sham19Y0020989-ara1
القحط المفرط واشتغالهم بانفسهم حتي اكل بعضهم بعضا وتشتتوا في البلاد وكاد الخراب ان يستولي علي سار الاقاليم حتي بيع الكلب بخمسه دنانير والهر بثلاثه ,0832AbuTayyibFasi.CiqdThamin.Sham19Y0020989-ara1
اشتد الغلا ببغداد في هذه السنه حتي اشتري لناصر الدوله كر دقيق من حواري بعشرين الف درهم فيكون ثمن الرطل ثلاثه دراهم وثلث وفي التاريخ ,0947BamakhramaHimyari.QiladatNahr.Sham19Y0029560-ara1
اشتد الغلا والوبا حتي ان اهل البيت كانوا يموتون في ليله واحده وحتي حكي ان امراه اكلت رغيفا بالف دينار باعت عروضا لها قيمته الف ,0947BamakhramaHimyari.QiladatNahr.Sham19Y0029560-ara1
اشتد الغلا وعدمت الاقوات وعظم الخطب الي ان ال الامر بهم الي اكل موتي الادميين وفيها حصر الافضل والظاهر ابنا صلاح الدين عمهما العادل بدمشق ,0947BamakhramaHimyari.QiladatNahr.Sham19Y0029560-ara1
اشتد الغلا في عدن فبلغ زبدي الذره سبعه وعشرين دينارا والارز اكثر من ذلك وفيها توفي قاضي عدن القاضي عفيف الدين عبد الله بن عبد ,0947BamakhramaHimyari.QiladatNahr.Sham19Y0029560-ara1
القحط المفرط بالجزيره وديار بكر فاكلت الميته وبيعت الاولاد وجلا الناس ومات بعض الناس من الجوع وجري ما لا يعبر عنه وكان ببغداد ايضا قحط ,0947BamakhramaHimyari.QiladatNahr.Sham19Y0029560-ara1
الغلا المفرط بالعراق حتي اكلوا الكلاب وفيها مات الحاكم بامر الله ابو علي منصور بن العزيز نزار بن المعز معد العبيدي صاحب مصر والشام والحجاز ,0947BamakhramaHimyari.QiladatNahr.Sham19Y0029560-ara1
الغلا المفرط والوبا ونهبت الجند دور العامه قال ابن الاثير اشتد الغلا والوبا حتي ان اهل البيت كانوا يموتون في ليله واحده وحتي حكي ان ,0947BamakhramaHimyari.QiladatNahr.Sham19Y0029560-ara1
الغلا المفرط بافريقيه حتي اكلوا لحوم الادميين وفيها توفي اسماعيل بن ابي سعد الصوفي وسعد الخير بن محمد الانصاري ووجيه الشحامي وزنكي بن اق سنقر ,0947BamakhramaHimyari.QiladatNahr.Sham19Y0029560-ara1
الغلا المفرط بافريقيه حتي اكلوا لحوم الادميين وفيها توفي احمد بن عبد الله الابنوسي وابو جعفر احمد بن عبد الرحمن البطروجي ودعوان المقر وعلي بن ,0947BamakhramaHimyari.QiladatNahr.Sham19Y0029560-ara1
قحط شديد فامر الناس بالصوم والصلاه واصلاح ذات البين وخرج بهم الي الصحرا ومعه سار الحيوانات وفرق بينها وبين اولادها فوقع الصراخ والبكا والضجيج واقام ,0947BamakhramaHimyari.QiladatNahr.Sham19Y0029560-ara1
قحط شديد ووبا مفرط حتي اكلوا الجيف واما الموت فيقال اخرج في يوم واحد الف وخمس ماه جنازه وكانوا يحفرون الحفار الكبار ويدفنون فيها الجماعه ,0947BamakhramaHimyari.QiladatNahr.Sham19Y0029560-ara1
قحط شديد ذهب في سبيله من الارواح ما لم يذهب من قبل بالحرب والسيف في اثنا ذلك سار علي بن يوسف في المحرم سنه ه ,0544QadiCiyad.IkmalMuclim.Sham19Y0122406-ara1
قحط شديد علي عهد عمر فخرج عمر بالناس فصلي بهم ركعتين وخالف بين طرفي رداه فجعل اليمين علي اليسار واليسار علي اليمين ثم بسط يديه ,0911Suyuti.JamicKabir.Sham19Y0127677-ara1
قحط شديد فامر الناس بالصوم والصلاه واصلاح ذات البين وخرج بهم الي الصحرا ومعه سار الحيوانات وفرق بينها وبين اولادها فوقع البكا والصراخ والضجيج من ,0928MujirDinCulaymi.TarikhMuctabar.Sham19Y0127698-ara1
الغلا والقحط وان مع الرخص في الاسعار يطيب عيش الممن يفر بدينه من الفتن فيه الحث علي الفرار من الفتن حيث كانت ليسلم للمسلم دينه ,0844IbnHusaynIbnRaslanRamli.SharhSunanAbiDawud.Sham19Y0131521-ara1
قحط شديد فسالوه في الدعا فرفع يديه الي السما ودعا بدعا عظيم ثم قال يا رب الساعه الساعه فما خرج الناس عنه حتي اغاثهم الله ,0464AbuBakrMaliki.RiyadNufus.Sham19Y0148883-ara1.mARkdown
اشتد الغلا وفي سنه ه ابتاد الطاعون وفي سنه ه وقع الغلا بمصر تاثر الامام الزركشي بالحاله الاجتماعيه ان الانسان الذي يسعي لان يكون كريما ,0794BadrDinZarkashi.SalasilDhahab.Sham19Y0150599-ara1
اشتد الغلا ببغداد فبلغ الكر مه وثلاثين دينارا واكل الناس النخاله والحشيش ووقع الوبا بمكه وبغداد حتي كان يرمي جماعه في قبر واحد من غير ,0654SibtIbnJawzi.MiratZaman.SHAM19Y23644-ara1
اشتد الغلا ببغداد فهرب الرجال الي البلاد وبقي النسا فكن المخدرات يخرجن عشرين عشرين من بيوتهن معتمدات بعضهن علي البعض يصحن الجوع الجوع فاذا سقطت ,0654SibtIbnJawzi.MiratZaman.SHAM19Y23644-ara1
اشتد الغلا ببغداد في شعبان واكل الناس الجيف والروث وماتوا علي الطرقات فكانت الكلاب تاكل لحومهم وبيع العقار بالرغفان ووجدت امراه علويه قد سرقت صبيا ,0654SibtIbnJawzi.MiratZaman.SHAM19Y23644-ara1
اشتد الغلا فاكل اصحابه الجيف فكتب الي سلطان الدوله يستنجد به فلم ينجده وشرع اعداه في الوقيعه عنده فيه وتسفيه رايه بتعزيزه بالعساكر والاموال واخراجه ,0654SibtIbnJawzi.MiratZaman.SHAM19Y23644-ara1
اشتد الغلا ببغداد فبيعت العقارات بالرغفان واكلت الميتات والكلاب والقطاط قال غرس النعمه لقد شاهدت امراه بنهر معلي ومعها فخذ كلب ميت قد اخضر وجف ,0654SibtIbnJawzi.MiratZaman.SHAM19Y23644-ara1
اشتد الغلا وبلغ الرطل السمك الجرعاني متي درهم رصاصا ومعاملتهم بالرصاص يبلغ الدينار الي ثمانيه عشر الف درهم والي عشرين الفا بدينار وعاد باقي التركمان ,0654SibtIbnJawzi.MiratZaman.SHAM19Y23644-ara1
اشتد الغلا وراسل اهلها واهل امد فهموا بفتح الابواب وعلم ابن مروان فقبض عليهم وبطل ذلك التدبير ومضي ابن جهير الي اخلاط وعاد من معه ,0654SibtIbnJawzi.MiratZaman.SHAM19Y23644-ara1
اشتد الغلا والوبا بمصر فهرب الناس الي المغرب والحجاز واليمن والشام وتفرقوا ايدي سبا ومزقوا كل ممزق اعظم من سنه اثنتين وستين واربع مه في ,0654SibtIbnJawzi.MiratZaman.SHAM19Y23644-ara1
اشتد الغلا وامتد البلا وتحققت المجاعه وتفرقت الجماعه وهلك القوي فكيف الضعيف ونحف السمين فكيف العجيف وخرج الناس حذر الموت من الديار وتفرق فريق مصر ,0654SibtIbnJawzi.MiratZaman.SHAM19Y23644-ara1
قحط شديد وسنوات اذهبت المال فرحل الي الشام فاشتري الدقيق والسمن والزيت وحمله الي مكه وكان ينحر الجزور ويصنع الثريد ويلته بالسمن والزيت ويهشمه ويجمع ,0654SibtIbnJawzi.MiratZaman.SHAM19Y23644-ara1
قحط شديد ومجاعه عظيمه فكتب الجنيد الي الكور ان مرو كانت امنه مطمنه ياتيها رزقها رغدا من كل مكان فكفرت بانعم الله فاحملوا اليها الماده ,0654SibtIbnJawzi.MiratZaman.SHAM19Y23644-ara1
القحط والجوع والطاعون وقال هشام انما حدث الطاعون بالشام لاجل هلا الذين شربوا الخمر وكان فيمن شرب ابو جندل وفيها اجدبت الارض فكانت تسفي الريح ,0654SibtIbnJawzi.MiratZaman.SHAM19Y23644-ara1
القحط والجوع الذي اصاب اهل مكه سبع سنين حتي اكلوا الجيف والعظام والكلاب وقيل هو القتل يوم بدر وقيل العذاب الادني هو مصاب الدنيا واسقامها ,0360Tabarani.Tafsir.ShamAY0033108-ara1
الغلا والقحط والجوع عن الناس ويجوز الي الاندلس ويقيم فيها ويملكها تسع سنين ويستفتح فيها سبعين مدينه من مدان الروم ويغنم روميه وكنيسه الذهب فيجد ,0671AbuCabdAllahQurtubi.TadhkiraFiAhwalMawta.ShamAY0033760-ara1
القحط والجوع عن الناس ويجوز الي الاندلس ويقيم فيها ويملكها تسع سنين ويستفتح فيها سبعين مدينه من مدان الروم ويغنم روميه وكنيسه الذهب فيجد فيها ,0671AbuCabdAllahQurtubi.TadhkiraFiAhwalMawta.ShamAY0033760-ara1
اشتد الغلا فبلغ سعر القمح الغراره منه بثلاثماه درهم ومن الشعير الي ماتي درهم والرطل الخبز بدرهمين والرطل من اللحم باثني عشر والرطل من الجبن ,0855BadrDinCayni.CiqdJuman.ShamAY0033840-ara1
اشتد الغلا الي ان بيعت الويبه من الشعير باربعين درهما والبقسماطه باثني عشر درهما وكانت سنه شديده وسمت الناس تلك السنه سنه راعم وبلغ الخبر ,0855BadrDinCayni.CiqdJuman.ShamAY0033840-ara1
الغلا المفرط حتي باعوا اولادهم بالقوت وان طافه منهم خرجت قاصده الي مكه وعند وصولهم الي محله بني يعقوب وجدوا بها جماعه من اهل مكه ,0855BadrDinCayni.CiqdJuman.ShamAY0033840-ara1
امتد الغلا بديار مصر حتي قيل انه ابيع الفروج بالاسكندريه بسته وثلاثين درهما وبالقاهره بتسعه عشر درهما والبيض كل ثلاثه بدرهم وافنيت الحمر والخيل والبغال ,0855BadrDinCayni.CiqdJuman.ShamAY0033840-ara1
قحط شديد وجوع فقال بعضهم لبعض ان منعتم ثماركم هذه الظاهره من ابنا السبيل كان لكم فيها معاش فقالوا كيف نمنعها فاقبل بعضهم علي بعض ,0405HakimNaysaburi.Mustadrak.ShamAY0033945-ara4
القحط والجوع والضرا المرض ونقصان الاموال والانفس والمعني ولقد ارسلنا اليهم الرسل فكذبوهم فاخذناهم لعلهم يتضرعون يتذللون ويتخشعون لربهم ويتوبون عن ذنوبهم فلولا اذ جاهم ,0538JarAllahZamakhshari.Kashshaf.ShamAY0034052-ara1
القحط والجوع بدعوه رسول الله صلي الله عليه وسلم عليهم كما بلونا اصحاب الجنه وهم قوم من اهل الصلاه كانت لابيهم هذه الجنه دون صنعا ,0538JarAllahZamakhshari.Kashshaf.ShamAY0034052-ara1
قحط شديد حتي اكلوا الكلاب والجيف فاستغاثوا بالنبي صلي الله عليه وسلم ليدعوا لهم فنزل قل للمشركين ادعوا الذين زعمتم انهم الهه من دونه الانعام ,0977KhatibShirbini.SirajMunir.ShamAY0034068-ara2
القحط والجوع سنه بعد سنه فان السنه تطلق بالغلبه علي ذلك كما تطلق علي العام ومنه قوله صلي الله عليه وسلم اللهم اجعلها عليهم كسني ,0977KhatibShirbini.SirajMunir.ShamAY0034068-ara2
القحط والجوع فان السنه يطلق بالغلبه علي ذلك كما تطلق علي العام ولما كانت السنه تطلق علي نقص الحبوب صرح بالثمار فقال ونقص من الثمرات ,0885BurhanDinBiqaci.NazmDurar.ShamAY0034073-ara1
الغلا والقحط بل يراعي غالب الاسعار في اعم الاحوال فيقومها فيه بالدراهم ويصرف الدراهم في طعام ولا يتصدق بالدراهم فان تصدق بالدراهم لم تجزه لان ,0450AbuHasanMawardi.HawiKabir.ShamAY0034249-ara1
قحط شديد كاد الناس ان يهلكوا فسالوا النصاري ان يبتهلوا الي الهم فدعوا وابتهلوا الي الله فمطروا وارتفع عنهم القحط والوبا قال ابن البطريق وفي ,0751IbnQayyimJawziyya.HidayatHayara.ShamAY0034430-ara3
اشتد الغلا بمصر لعدم زياده النيل فتعذرت الاقوات واكل الناس بعضهم بعضا ثم لحقهم وبا وموت كثير وقال الموفق عبد اللطيف دخلت سنه سبع مفترسه ,0803MalikAshrafIsmacilRasuli.CasjadMasbuk.ShamAY0034638-ara1
اشتد الغلا بالموصل وديار الجزيره جميعها فاكل الناس الميته والكلاب والسنانير وغلا مع الطعام كل شي فبيع الرطل الشيرج بقيراطين بعد ان كان كل ستين ,0803MalikAshrafIsmacilRasuli.CasjadMasbuk.ShamAY0034638-ara1
القحط والجوع والحاجه بدعا النبي صلي الله عليه وسلم وقيل هو قتلهم واسرهم يوم بدر ومن وراهم برزخ هو ما بين الموت والبعث والبرزخ هو ,0733IbnJamacaBadrDinHamawi.GhurarTibyan.ShamAY0036739-ara1
قحط شديد حتي اكلوا الكلاب والجيف فاستغاثوا بالنبي صلي الله عليه وسلم ليدعو لهم قال الله تعالي قل للمشركين ادعوا الذين زعمتم من دونه انها ,0510IbnMascudBaghawi.Tafsir.Shamela0000041-ara1.completed
القحط والجوع عنكم ولا تحويلا الي غيركم او تحويل الحال من العسر الي اليسر اولك الذين يدعون يبتغون الي ربهم الوسيله يعني الذين يدعونهم المشركون ,0510IbnMascudBaghawi.Tafsir.Shamela0000041-ara1.completed
القحط والجوع كما بلونا ابتلينا اصحاب الجنه روي محمد بن مروان عن الكلبي عن ابي صالح عن ابن عباس في قوله عز وجل انا بلوناهم ,0510IbnMascudBaghawi.Tafsir.Shamela0000041-ara1.completed
وعم الغلا وعز اللحم بدمشق وبيع الرطل بتسعه دراهم ثم دخل الافرم والامرا من المرج بعدما اقاموا به اربعه اشهر واستقر حال الناس بعد ذلك ,0764Safadi.AcyanCasr.Shamela0000131-ara1.mARkdown
الغلا المفرط في ايامه ونقص النيل زادا عما عهد في قديم اعوامه فتشام الناس بطلعته ولم ينفق القدر له ردي سلعته وكان اذا راي ذلك ,0764Safadi.AcyanCasr.Shamela0000131-ara1.mARkdown
اشتد الغلا ووقع في البلد خوف شديد من طرف رجل من اللصوص في الليل وكبسه دور الناس فتحارسوا في الليل واخذت نسا من الطرقات وعظم ,0845Maqrizi.ItticazHunafa.Shamela0000176-ara1.completed
اشتد الغلا فلما كان ليله عيد الشعانين منع النصاري من تزيين كناسهم علي ما هي عادتهم وقبض علي جماعه منهم في رجب وامر باحضار ما ,0845Maqrizi.ItticazHunafa.Shamela0000176-ara1.completed
اشتد الغلا بديار مصر حتي ابيع الدقيق رطلا بدرهم واللحم اربع اواق بدرهم ومات كثير من الناس بالجوع وبلغت عده من مات في مده رمضان ,0845Maqrizi.ItticazHunafa.Shamela0000176-ara1.completed
اشتد الغلا والقحط بمصر فبيع الخبز السميد رطلين بدرهم والحمله الدقيق باربعه دنانير وثلثين والتليس القمح بثلاثه دنانير واللحم اربع اواق بدرهم وعظم الموت سيما ,0845Maqrizi.ItticazHunafa.Shamela0000176-ara1.completed
اشتد الغلا فبيع القمح باربعه دنانير وثلث التليس والحمله الدقيق بسته دنانير والخبز رطل وربع بدرهم ونزل بالناس مسغبه شديده وفي ثالث عشريه تجمع العبيد ,0845Maqrizi.ItticazHunafa.Shamela0000176-ara1.completed
اشتد الغلا بمصر وقلت الاقوات في الاعمال وعظم الفساد والضرر وكثر الجوع حتي اكل الناس الجيف والميتات ووقفوا في الطرقات يخطفون من يمر من الناس ,0845Maqrizi.ItticazHunafa.Shamela0000176-ara1.completed
الغلا والقحط بمصر فبيع الخبز السميد رطلين بدرهم والحمله الدقيق باربعه دنانير وثلثين والتليس القمح بثلاثه دنانير واللحم اربع اواق بدرهم وعظم الموت سيما في ,0845Maqrizi.ItticazHunafa.Shamela0000176-ara1.completed
الغلا المفرط في سنه اربعين وخمسماه كان ابو العباس قد اعد ستين دينارا نفقه للحج فقدمها علي طعام ووجه ابو بكر وكيله بعد ان انفذ ,0599IbnYahyaDabbi.BughyatMultamis.Shamela0000728-ara1.completed
اشتد الغلا ببغداد بعد سنه ثلاثين وثلاث ماه واحسبه مات هناك وكان مولده في سنه ثمان وستين وماتين محمد بن احمد بن المطلب بن عبد ,0463KhatibBaghdadi.TarikhBaghdad.Shamela0000736-ara2.mARkdown
اشتد الغلا اتاه فقال قد غلا السعر فلو نقصنا من هذا فقال انت شيطان او رسول الشيطان صيره كرين فكان له في كل يوم بعد ,0463KhatibBaghdadi.TarikhBaghdad.Shamela0000736-ara2.mARkdown
اشتد الغلا في عسكره فرجع عنها وعاد الي مراكش وفي سنه خمس وسبعين قصد بلاد افريقيه وفتح مدينه قفصه ثم دخل جزيره الاندلس في سنه ,0681IbnKhallikan.WafayatAcyan.Shamela0001000-ara1.completed
الغلا المفرط الذي حصل بمصر في زمان جده المستنصر حسبما هو مشروح في ترجمته في حرف الميم فاقام بها ينتظر ايام الرخا وزوال الشده فولد ,0681IbnKhallikan.WafayatAcyan.Shamela0001000-ara1.completed
قحط شديد فامر الناس بالصوم والصلاه واصلاح ذات البين وخرج بهم الي الصحرا ومعه سار الحيوانات وفرق بينها وبين اولادها فوقع البكا والصراخ والضجيج واقام ,0681IbnKhallikan.WafayatAcyan.Shamela0001000-ara1.completed
القحط والجوع والثاني المرض ونقصان الانفس والاموال لعلهم يتضرعون يتذللون ويتخشعون لربهم ويتوبون عن ذنوبهم فالنفوس تتخشع عند نزول الشداد فلولا اذ جاهم باسنا تضرعوا ,0710IbnAhmadHafizDinNasafi.Tafsir.Shamela0001394-ara1
القحط والجوع اذا لهم مكر في اياتنا اي مكروا باياتنا بدفعها وانكارها روي انه تعالي سلط القحط سبع سنين علي اهل مكه حتي كادوا يهلكون ,0710IbnAhmadHafizDinNasafi.Tafsir.Shamela0001394-ara1
القحط والجوع حتي اكلوا الجيف والرمم بدعا النبي صلي الله عليه وسلم حيث قال اللهم اشدد وطاتك علي مضر واجعلها سنين كسني يوسف كما بلونا ,0710IbnAhmadHafizDinNasafi.Tafsir.Shamela0001394-ara1
قحط شديد علي عهد موسي عليه الصلاه والسلام فخرج موسي ليستسقي ببني اسرايل فلم يسقوا ثم خرج الثانيه فلم يسقوا ثم خرج الثالثه فاوحي الله ,0520IbnMuhammadTurtushi.SirajMuluk.Shamela0001585-ara1.mARkdown
قحط شديد فخرجنا نستسقي فاذا انا بسعدون في بعض الخرابات فقلت له بالذي خلقك استسق لنا فرفع راسه الي السما وقال يا فاطر الاشباح والارواح ,0406IbnMuhammadNaysaburi.CuqalaMajanin.Shamela0001593-ara1
القحط والجوع فاحري الا يعم الارض وفي هذا الحديث دليل واضح علي ان دين محمد صلي الله عليه وسلم لا يزال الي ان تقوم الساعه ,0463IbnCabdBarr.TamhidMuwatta.Shamela0001719-ara1
اشتد الغلا فقال له قد غلا السعر فلو نقصنا من هذا فقال انت شيطان او رسول شيطان صيره كرين فكان له في كل يوم كران ,0711IbnManzurIfriqi.MukhtasarTarikhDimashq.Shamela0003118-ara1.completed
قحط شديد علي عهد عمر فخرج عمر بالناس فصلي بهم ركعتين وخالف بين طرفي رداه فجعل اليمين علي اليسار علي اليمين ثم بسط يده فقال ,0711IbnManzurIfriqi.MukhtasarTarikhDimashq.Shamela0003118-ara1.completed
اشتد الغلا والوبا بمصر حتي ان اهل البيت كانوا يموتون في ليله وحتي ان امراه اكلت رغيفا بالف دينار باعت عروضها قيمته الف دينار واشترت ,0911Suyuti.HusnMuhadara.Shamela0003283-ara1.completed
اشتد الغلا وعدمت الاقوات ووقع البلا وعظم الخطب الي ان ال بهم الامر الي اكل الادميين الموتي قال ابن كثير في هذه السنه والتي بعدها ,0911Suyuti.HusnMuhadara.Shamela0003283-ara1.completed
اشتد الغلا والوبا بمصر فهرب الناس الي المغرب والحجاز واليمن والشام وتفرقوا وتمزقوا كل ممزق قال وكان الرجل يذبح ولده وتساعده امه علي طبخه وشيه ,0911Suyuti.HusnMuhadara.Shamela0003283-ara1.completed
اشتد الغلا وامتد الوبا وحدثت المجاعه وتفرقت الجماعه وهناك القوي فكيف الضعيف ونحف السمين فكيف العجيف وخرج الناس حذر الموت من الديار وتفرقت فرق مصر ,0911Suyuti.HusnMuhadara.Shamela0003283-ara1.completed
قحط شديد ووبا مفرط حتي اكلوا الجيف ونفدت حواصل السلطان من العليق فاقامت خيول السلطان ثلاثه ايام حتي احضرت التقاوي المخلد في البلاد وبلغ الاردب ,0911Suyuti.HusnMuhadara.Shamela0003283-ara1.completed
اشتد الغلا جدا ثم لحقه فنا كثير وفيها توفيت ام شرف الدوله وكانت تركيه ام ولد فجاه الخليفه فعزاه فيها وفيها ولد لشرف الدوله ابنان ,0774IbnKathir.Bidaya.Shamela0004445-ara1.completed
اشتد الغلا بمكه وعدمت الاقوات فارسل الله عليهم جرادا مل الارض فتعوضوا به عن الطعام ولم يحج احد من اهل العراق في هذه السنه ايضا ,0774IbnKathir.Bidaya.Shamela0004445-ara1.completed
اشتد الغلا عندهم جدا واخذ السلطان محمد اهلها بالمصادره والحصار حولهم من خارج البلد فاجتمع عليهم الخوف والجوع والنقص من الاموال والانفس والثمرات ثم خرج ,0774IbnKathir.Bidaya.Shamela0004445-ara1.completed
اشتد الغلا بافريقيه فهلك بسببه اكثر الناس حتي خلت المنازل واقفرت المعاقل وفيها تزوج سيف الدين غازي بنت صاحب ماردين حسام الدين تمرتاش بن ارتق ,0774IbnKathir.Bidaya.Shamela0004445-ara1.completed
اشتد الغلا بارض مصر جدا فهلك خلق كثير جدا من الفقرا والاغنيا ثم اعقبه فنا عظيم حتي حكي الشيخ ابو شامه في الذيل ان العادل ,0774IbnKathir.Bidaya.Shamela0004445-ara1.completed
اشتد الغلا وزاد اضعاف ذلك وكان مات اكثر الناس واستمر ذلك مده شهور من هذه السنه والي اثنا سنه خمس وعشرين حتي قدمت الغلات ورخصت ,0774IbnKathir.Bidaya.Shamela0004445-ara1.completed
اشتداد الغلا والفنا بمصر حتي قيل انه بيع الفروج بالاسكندريه بسته وثلاثين درهما وبالقاهره بتسعه عشر والبيض كل ثلاثه بدرهم وافنيت الحمر والخيل والبغال والكلاب ,0774IbnKathir.Bidaya.Shamela0004445-ara1.completed
القحط والجوع كما بلونا اي كما ابتلينا اصحاب الجنه قال ابن عباس بستان باليمن يقال له الضروان دون صنعا بفرسخين وكانوا حلفوا ان لا يصرمن ,0855BadrDinCayni.CumdatQari.Shamela0005756-ara1.completed
اشتد الغلا وعدم القوت ببغداد حتي وجد صبي مشوي وكثر الموت وفيها توفي علي بن عيسي بن الجراح الوزير وله تسعون سنه وفيها توفي عمر ,0749ZaynDinIbnWardi.Tarikh.Shamela0006624-ara1
اشتد الغلا وعم اكثر البلاد العراق ومصر وديار بكر وديار الجزيره والشام وغير ذلك من البلاد ودام الي ان انقضي اكثر سنه خمس وسبعين وخرج ,0665AbuShama.Rawdatayn.Shamela0006631-ara1.completed
اشتد الغلا وكثر الوبا ببغداد وغيرها من البلاد وذكر ان رجلا بواسط ذبح بنتا له واكلها واخر بقر بطن صبي واخذ كبده وشواها واكلها قال ,0665AbuShama.Rawdatayn.Shamela0006631-ara1.completed
اشتد الغلا وامتد البلا وتحققت المجاعه وتفرقت الجماعه وهلك القوي فكيف الضعيف ونهك السمين فكيف العجيف وخرج الناس حذر الموت من الديار وتفرق فرق بمصر ,0665AbuShama.Rawdatayn.Shamela0006631-ara1.completed
اشتد الغلا ودام سنين حتي بقي الكلب يدخل بيت الشخص وياكل ولده وهو قاعد لا يستطيع النهوض لدفعه مما به من شده الجوع وقيل انه ,0874IbnTaghribirdi.MawridLatafa.Shamela0006669-ara1.completed
الغلا المفرط وختم المجلس بقصيده اولها اقول لمن يشكو توقف نيلنا سل الله يمدده بفضل وتاييد ويقول في اخرها وانت فغفار الذنوب وساتر العيوب كشاف ,0902Sakhawi.TuhfaLatifa.Shamela0007434-ara1
اشتد الغلا في عامه بلاد الاسلام فانجلي من اهل مكه الكثير ورحل عنه عاملها ومن ذلك انه في سنه ست وستين وماتين علي ما قال ,0832AbuTayyibFasi.ShifaGharam.Shamela0008362-ara1
اشتد الغلا بالحجاز وبمكه وما حولها فبلغ القمح الاردب المصري ماتين واربعين درهما واما التمر فعدم بالكليه والاسمان تلاشت حتي قيل ان السمن بلغت منهم ,0832AbuTayyibFasi.ShifaGharam.Shamela0008362-ara1
قحط شديد علي عهد عمر فامرهم بالخروج الي الاستسقا فصلي بهم ركعتين وخالف بين طرف رداه فجعل اليمين علي اليسار واليسار علي اليمين ثم بسط ,0694MuhibbDinTabari.RiyadNadira.Shamela0008657-ara1.completed
القحط والجوع يقال اسنت القوم اذا اصابتهم السنه الشديده ولا يقال اسنت الا في هذا وحده وعجاف من العجف وهو الهزال والضعف وقوله عبد احيحه ,0604AbuDharrKhushani.ImlaMukhtasar.Shamela0009222-ara1
القحط والجوع يقال وازم يازم وازم يازم اذا اشتد وقوله والله لا يخلص اليك ابدا اي لا يوصل اليك يقال خلصت اليه اي وصلت اليه ,0604AbuDharrKhushani.ImlaMukhtasar.Shamela0009222-ara1
قحط شديد فبلغ الزيدي في المحطه اربعه دنانير واكثر من ذلك وخلا كثير من البلاد من اهلها وماتوا جوعا وابتيعت الاطيان بارخص الاثمان وعم القحط ,0812CaliKhazraji.CuqudLuluiyya.Shamela0009233-ara1
وعم الغلا وصار ما كان يساوي في ايام المقتدر رحمه الله دينارا يساوي درهما وفي جمادي الاخره قبض ابو العباس الديلمي خليفه توزون علي الشرطه ,0521MuhammadHamadhani.TakmilatTarikhTabari.Shamela0009783BK3-ara1.completed
اشتد الغلا بها في هذه السنه واستقرت الحال علي خمسه الاف دينار مقاطعه فاخذها ورحل عنها الي حلب ولما قرب تاج الدوله من الشام هرب ,0660IbnCadim.ZubdatHalab.Shamela0009872-ara1.completed
اشتد الغلا بانطاكيه وحلب لان الزرع عرق ولحقه هوا عند ادراكه اتلفه وهرب الفلاحون للخوف واستدعي اهل حلب ابن قراجا من حمص فرتب الامور بها ,0660IbnCadim.ZubdatHalab.Shamela0009872-ara1.completed
اشتد الغلا في العسكر وعدموا القوت وقفز جماعه من العسكر الي دمشق ووقعت المراسله في حديث الصلح وكان قد وصل مع اتابك بعض اولاد السلطان ,0660IbnCadim.ZubdatHalab.Shamela0009872-ara1.completed
اشتداد الغلا علي معز الدوله وهو محاصر مقيم بظاهر بغداد من الجانب الغربي كرا معدلا حنطه بعشرين الف درهم قال ولم اخرج الغله حتي تسلمت ,0384IbnCaliTanukhi.NishwarMuhadara.Shamela0010275-ara1
الغلا والقحط وقد اول صاحب المفهم هذا الدعا بحديث ابن مسعود فقال واستجيب له صلي الله عليه وسلم فيهم فاجدبوا سبعا اكلوا فيها كل شي ,0806IbnHusaynZaynDinCiraqi.TarhTarthib.Shamela0011036-ara1
قحط شديد يكون للتمره فيه قيمه وجب تعريفها وصح بيعها وجاز ان تكون عوضا كما بينوه في الصدقات والظاهر ان هذا الجنس ياخذه واجده كما ,0957ShihabDinRamli.HashiyaCalaAsnaMatalib.Shamela0011468BK2-ara1
اشتد الغلا وانهوا حالهم الي الحضره المطهره يعني امير الممنين الظاهر لاعزاز دين الله ابا الحسن علي بن الحاكم بامر الله فرسم لناب الدوله ابي ,0845Maqrizi.Mawaciz.Shamela0011566-ara1.completed
اشتد الغلا بمصر وكثر نقص النيل وفيها قرر الشريف الكبير العجمي والشيخ نجيب الدوله الجرجراي والشيخ العميد محسن بن بدوس مع القاد معضاد ان لا ,0845Maqrizi.Mawaciz.Shamela0011566-ara1.completed
اشتد الغلا وفشت الامراض وكثر الموت في الناس وفقد الحيوان فلم يقدر علي دجاجه ولا فروج وعز الما لقله الظهر فعم البلا من كل جهه ,0845Maqrizi.Mawaciz.Shamela0011566-ara1.completed
اشتد الغلا وفحش الموت في الناس حتي عجزوا عن تكفينهم ومواراتهم وارجف بمسير القرامطه الي الشام وبدت غلمانه تتنكر له وكانوا الفا وسبعين غلاما تركيا ,0845Maqrizi.Mawaciz.Shamela0011566-ara1.completed
اشتد الغلا في سنه ثمان وتسعين وولي علي بن فلاح دمشق وقبض جميع ما هو محبس علي الكناس وجعل في الديوان واحرق عده صلبان علي ,0845Maqrizi.Mawaciz.Shamela0011566-ara1.completed
اشتد الغلا وفي تاسع المحرم وهو نصف توت نقص ما النيل ولم يوف سته عشر ذراعا فمنع الناس من التظاهر بالغنا ومن ركوب البحر للتفرج ,0845Maqrizi.Mawaciz.Shamela0011566-ara1.completed
قحط شديد ويزرع الفلاحون حقولهم في شهر حشوان تشرين الثاني عندما تنحسر المياه فيحصدون الشعير في اذار والحنطه في نيسان وفي موسم الصيف تكثر عندهم ,0569BinyaminTutili.Rihla.Shamela0011681-ara1
اشتد الغلا حتي بلغ من القمح الي سته دنانير امر السلطان ان يعطي لجميع اهل دهلي نفقه سته اشهر من المخزن بحساب رطل ونصف من ,0779IbnBattuta.Rihla.Shamela0011769-ara1.completed
الغلا المفرط بافريقيه وفيها اغزي صاحب صقليه الروم فالتقي في البحر بمراكبهم وهم في نحو ماه واربعين مركبا فدارت بينهم حرب شديده حتي اسلم المسلمون ,0695IbnCidhariMarrakushi.BayanMaghrib.Shamela0011782-ara1.completed
قحط شديد فاخرج عبد الحميد بن بسيل الوزير الي الثغر الذي كان به بنو ذي النون فاوقع بهم اذ كانوا قد مرقوا عن الطاعه واكثروا ,0695IbnCidhariMarrakushi.BayanMaghrib.Shamela0011782-ara1.completed
اشتد الغلا فشكي الناس حالهم الي كافل حلب جانم في يوم الخميس اول ربيع الاول ثم صاحوا عليه يوم الجمعه وجا اناس من اطراف اهل ,0884AbuDharrSibtIbnCajami.KunuzDhahab.Shamela0011786-ara1
اشتد الغلا ببغداد حتي اكلوا الجيف والروث وماتوا علي الطرق واكلت لحومهم وبيع العقار بالرغفان ووجدت الصغار مشويه مع المساكين واشتري لمعز الدوله كر دقيق ,0911Suyuti.TarikhKhulafa.Shamela0011997-ara1
اشتد الغلا ببغداد جدا وظهر الموت بها ولحق بالبصره حر وسموم تتساقط منه وجات ريح عظيمه بفم الصلح حرقت الدجله حتي ذكر انه بانت ارضها ,0911Suyuti.TarikhKhulafa.Shamela0011997-ara1
اشتد الغلا بمصر حتي اكلت امراه رغيفا بالف دينار وكثر الوبا الي الغايه وفي سنه ست وستين كان الفرق العظيم ببغداد وزادت دجله ثلاثين ذراعا ,0911Suyuti.TarikhKhulafa.Shamela0011997-ara1
القحط المفرط سنين متواليه حتي اكل الناس وبلغ الاردب ماه دينار وبيع الكلب بخمسه دنانير والهر بثلاثه دنانير وحكي صاحب المراه ان امراه خرجت من ,0911Suyuti.TarikhKhulafa.Shamela0011997-ara1
الغلا المفرط بحيث اكلوا الجيف والادميين وفشا اكل بني ادم واشتهر وري من ذلك العجب العجاب وتعدوا الي حفر القبور واكل الموتي وتمزق اهل مصر ,0911Suyuti.TarikhKhulafa.Shamela0011997-ara1
اشتد الغلا تلك صوره موجزه عن المجتمع المصري زمن الملف نتعرف من خلالها بعض المثرات في شخصيه الملف وتكوينه اذ لا يخفي ان للبيه الاجتماعيه ,0668IbnHusaynJacfariHashimi.Takhjil.Shamela0012002-ara1
قحط شديد حتي هلك الناس ومكثت السما لم تمطر ثلاث سنين ا فقال لها هل عندك من طعام قالت والله يا نبي الله ما عندي ,0668IbnHusaynJacfariHashimi.Takhjil.Shamela0012002-ara1
قحط شديد وقال ايضا في هذا الفصل انه كان في بيعه انطاكيه انبيا منهم برنابا وشمعون ولوقش وما ناين وشال فهلا الخمسه بانطاكيه وقال ايضا ,0668IbnHusaynJacfariHashimi.Takhjil.Shamela0012002-ara1
اشتد الغلا ببغداد في اول سنه خمس وسبعين وكلما جا الشعير زاد السعر فتواقع الناس علي اشترا الطعام فاغتبط من يستعد كل سنه بزرع ما ,0597IbnJawzi.SaydKhatir.Shamela0012028-ara1
قحط شديد علي عهد عمر رضي الله عنه فخرج بالناس فصلي بهم ركعتين وخالف بين طرفي رداه فجعل اليمين علي اليسار واليسار علي اليمين ثم ,0909IbnCabdHadi.MahdSawab.Shamela0012062-ara1
الغلا والقحط وابنه ابو الفتوح عبد الوهاب بن الشاه الشاذياخي شيخ صالح سديد السيره يسكن باب عزره بنيسابور سمع الاستاذ ابا القاسم القشيري وابا حامد ,0562Samcani.Ansab.Shamela0012317-ara1.completed
الغلا والقحط فقال ذلك المملوك وما علي من ذلك ولمولاي قريه خالصه يدخل عليه منها ما نحتاج نحن اليه فانتبه شقيق وقال ان كان لمولاه ,0562Samcani.Ansab.Shamela0012317-ara1.completed
اشتد الغلا علي الافرنج وبلغت الغراره ماه دينار صوري مع ما كان يحمل اليهم من البلدان من بيروت علي يد صاحبها اسامه ومن صيدا علي ,0808IbnKhaldun.Tarikh.Shamela0012320-ara1.completed
الغلا المفرط ايضا وانما معاش الناس وكسبهم في التوسط من ذلك وسرعه حواله الاسواق وعلم ذلك يرجع الي العواد المتقرره بين اهل العمران وانما يحمد ,0808IbnKhaldun.Tarikh.Shamela0012320-ara1.completed
الغلا قد اشتد بافريقيه سنه سبع وثلاثين ولحق اكثر اهلها بصقليه واكل بعضهم بعضا وكثر الموتان فاغتنم رجار الفرصه ونقض الصلح الذي كان بينه وبين ,0808IbnKhaldun.Tarikh.Shamela0012320-ara1.completed
قحط شديد وجدب اعقب جوعا بعد العهد بمثله مع طاعون اتي علي جميع الناس وحلف عمر لا يذوق السمن واللبن حتي يحيا الناس وكتب الي ,0808IbnKhaldun.Tarikh.Shamela0012320-ara1.completed
اشتد الغلا بها وبلغ المكوك من الملح الي اربعين درهما والحنطه المكوك بسبعين درهما فضجر الناس وضاقت بهم الحيله ففتح العامه الحاكه وغيرهم بابا من ,0685IbnCibri.TarikhMukhtasarDuwal.Shamela0012348-ara1.completed
وعم الغلا تلك الاصقاع حتي اكل الناس بعضهم بعضا بعد فراغهم من اكل الميته والكلاب وفي سنه خمس وتسعين توفي المستعلي بالله الخليفه العلوي المصري ,0685IbnCibri.TarikhMukhtasarDuwal.Shamela0012348-ara1.completed
اشتد الغلا ببغداد وبلغ الكر من الدقيق ماه وثلاثين دينارا واكل الناس الحشيش وكثر الموت حتي كان يدفن في قبر واحد جماعه من غير غسل ,0421Miskawayh.Tajarib.Shamela0012396-ara1.completed
اشتداد الغلا بانطاكيه وورد الخبر بان الغلا اشتد بانطاكيه وجميع الثغور حتي لم يقدر احد علي الخبز واكل الناس الرطبه والحشيش وانتقل قوم من الثغور ,0421Miskawayh.Tajarib.Shamela0012396-ara1.completed
لم تبق اقوات وانه قد ال الامر باهل طرسوس الي اكل الكلاب الميته وانه يخرج منها في كل يوم ثلاثماه جنازه فانصرف رايه عما كان ,0421Miskawayh.Tajarib.Shamela0012396-ara1.completed
اشتد الغلا اتاه فقال قد غلا السعر فلو نقصنا من هذا فقال انت شيطان او رسول الشيطان صيره كرين فكان له في كل يوم بعد ,0597IbnJawzi.Muntazam.Shamela0012406-ara1.mARkdown
اشتد الغلا في عامه بلاد الاسلام فاجلي عن مكه من كان مجاورا بها من شده الغلا الي المدينه وغيرها من البلدان ورحل عنها العامل الذي ,0597IbnJawzi.Muntazam.Shamela0012406-ara1.mARkdown
اشتد الغلا في جمادي الاولي وزاد وبلغ الكر الدقيق ماه وثلاثين دينارا واكل الناس النخاله والحشيش وكثر الموت حتي دفن جماعه في قبر واحد بلا ,0597IbnJawzi.Muntazam.Shamela0012406-ara1.mARkdown
اشتد الغلا فبلغت كاره الدقيق الخشكار سته دنانير ونصف ذكر من توفي هذه السنه من الاكابر احمد بن عبد الجبار بن احمد ابو سعد الصيرفي ,0597IbnJawzi.Muntazam.Shamela0012406-ara1.mARkdown
وعم الغلا جميع الافاق حتي بلغ الكر الحنطه ماه وتسعين دينارا وزاد ذلك في المعسكر فبيع الخبز رطل بنصف دانق وعاد ابن فسانجس الي واسط ,0597IbnJawzi.Muntazam.Shamela0012406-ara1.mARkdown
وعم الغلا تلك الاصقاع حتي شوهد رجل ياكل كلبا مشويا في الجامع وانسان يطاف به في الاسواق وفي عنقه يد صبي قد ذبحه واكله مضي ,0597IbnJawzi.Muntazam.Shamela0012406-ara1.mARkdown
الغلا والقحط ودخل اهل القري والرساتيق الي بغداد لكونهم نهبوا فهلكوا عريا وجوعا وتوفي قاضي القضاه الزينبي وتقلد القضا ابو الحسن علي بن احمد بن ,0597IbnJawzi.Muntazam.Shamela0012406-ara1.mARkdown
اشتداد الغلا علي معز الدوله وهو مقيم بظاهر بغداد من الجانب الغربي كر حنطه بعشره الاف درهم قال ولم اخرج الغله حتي تسلمت المال وكانت ,0597IbnJawzi.Muntazam.Shamela0012406-ara1.mARkdown
قحط شديد ومجاعه فاعطي الجنيد رجلا درهما فاشتري به رغيفا فقال تشكون الجوع ورغيف بدرهم لقد رايتني بالهند وان الحب من الحبوب لتباع عددا بالدراهم ,0597IbnJawzi.Muntazam.Shamela0012406-ara1.mARkdown
اشتد الغلا بالشام فابيع الرطل اللحم بالدمشقي بسته دراهم وبسبعه دراهم والغراره القمح باربع ماه وخمسين درهما والشعير بماتي وخمسين درهما والمكوك القمح بحماه وبحلب ,0726Yunini.DhaylMiratZaman.Shamela0012722-ara1.completed
اشتد الغلا في جميع الاصناف ومات خلق كثير من الجوع بحلب وحماه وغيرهما وفيها في اولها وصل الي الديار المصريه رسول يدعي جمال الدين حسن ,0726Yunini.DhaylMiratZaman.Shamela0012722-ara1.completed
اشتد الغلا بمصر واعمالها فبلغ الاردب القمح ماه وخمسه دراهم نقره والشعير وسبعين درهما وثلاثه ارطال خبز بالمصري بدرهم نقره ورطل اللحم بالمصري وهو ماه ,0726Yunini.DhaylMiratZaman.Shamela0012722-ara1.completed
قحط شديد علي عهد عمر رضي الله عنه فخرج عمر بالناس فصلي ركعتين وخالف بين طرفي رداه فجعل اليمين علي اليسار واليسار علي اليمين ثم ,0578IbnBashkuwal.Mustaghithin.Shamela0012845-ara1
قحط شديد علي عهد عمر فخرج عمر بالناس فصلي بهم ركعتين وخالف بين طرفي رداه فجعل اليمين علي اليسار واليسار علي اليمين ثم بسط يديه ,0418HibatAllahLalikai.KaramatAwliya.Shamela0013150-ara1
قحط شديد وجدب حتي عدم الحب وانقطع فلم يزرع باليمن زرع زمنا طويلا وكانوا يمتارون من مصر سني يوسف عليه السلام فانقطع الحب عن امراه ,0573NashwanHimyari.ShamsCulum.Shamela0023358-ara1
القحط والجوع كما بلونا اصحاب الجنه اخبرنا ابو عمرو الفرابي اخبرنا ابو موسي اخبرنا الحريري حدثنا فارس بن عمر حدثنا صالح بن محمد حدثنا محمد ,0427AbuIshaqThaclabi.KashfWaBayan.Shamela0023578-ara1.completed
القحط والجوع وغير ذلك قاله مجاهد وقيل سميت مقدسه لان فيها المكان الذي يتقدس فيه من الذنوب ومنه قيل للسطل قدس لانه يتوضا ويتطهر ومعني ,0745AbuHayyanGharnati.TafsirBahrMuhit.Shamela0023591-ara1.completed
القحط والجوع الذي اصابهم بدعا رسول الله صلي الله عليه وسلم وهذا مروي عن بن عباس وابن جريج وسبب نزول الايه دليل علي ذلك روي ,0745AbuHayyanGharnati.TafsirBahrMuhit.Shamela0023591-ara1.completed
القحط والجوع بدعوه رسول الله صلي الله عليه وسلم اللهم اشدد وطاتك علي مضر واجعلها عليهم سنين كسني يوسف الحديث كما بلونا اصحاب الجنه المعروف ,0745AbuHayyanGharnati.TafsirBahrMuhit.Shamela0023591-ara1.completed
القحط والجوع والضرا الامراض والاوجاع والرزايا لعلهم يتضرعون يتذللون ويتخشعون واصله الانقياد وترك التمرد ضرع الرجل ضراعه فهو ضارع اي ذليل ضعيف احتج الجباي بالايه ,0730NizamDinNaysaburi.GharaibQuran.Shamela0023613-ara1
القحط والجوع وقال قتاده بالغزو او الجهاد فان تخلفوا وقعوا في السنه الناس باللعن والخزي وان ذهبوا وهم علي حاله النفاق عرضوا انفسهم للقتل واموالهم ,0730NizamDinNaysaburi.GharaibQuran.Shamela0023613-ara1
القحط المفرط اذ هو من اصعب العقوبات واسوها اذا هم فيه مبلسون متحيرون ايسون من كل خير ومع ذلك لم يتوجهوا الينا ولم يتضرعوا نحونا ,0920IbnMahmudNakhjawani.FawatihIlahiyya.Shamela0023624-ara1
قحط شديد حتي اكلوا الكلاب والجيف فاستغاثوا بالنبي صلي الله عليه وسلم ليدعو لهم فقال الله عز وجل قل ادعوا الذين زعمتم انهم الهه من ,0741KhazinBaghdadi.LubabTawil.Shamela0023628-ara1.completed
القحط والجوع سنه بعد سنه ونقص من الثمرات يعني واتلاف الغلات بالافات قال قتاده اما السنون فلاهل البوادي واما نقص الثمرات فلاهل الامصار لعلهم يذكرون ,0741KhazinBaghdadi.LubabTawil.Shamela0023628-ara1.completed
القحط والجوع كما بلونا اصحاب الجنه روي عن ابن عباس في قوله تعالي انا بلوناهم كما بلونا اصحاب الجنه قال بستان باليمن يقال له الضروان ,0741KhazinBaghdadi.LubabTawil.Shamela0023628-ara1.completed
القحط والجوع الثالث قال قتاده يفتنون بالغزو والجهاد فانه تعالي امر الغزو والجهاد فهم ان تخلفوا وقعوا في السنه الناس باللعن والخزي والذكر القبيح وان ,0606FakhrDinRazi.MafatihGhayb.Shamela0023635-ara1
القحط والجوع عادوا الي التكذيب فانتقم الله منهم يوم بدر والقول الثاني انه يوم القيامه روي عكرمه عن ابن عباس رضي الله تعالي عنهما انه ,0606FakhrDinRazi.MafatihGhayb.Shamela0023635-ara1
قحط شديد علي عهد عمر رضي الله عنه فخرج عمر رضي الله عنه بالناس فصلي بهم ركعتين وخالف بين طرفي رداه فجعل اليمين علي اليسار ,0407IbnMuhammadKharkushi.SharafMustafa.Shamela0023644-ara1
اشتد الغلا علي ابن بويه فرد الي الاهواز ورد توزون الي بغداد وقد زاد به الصرع وفيها تملك سيف الدوله بن حمدان حلب واعمالها وهرب ,0748Dhahabi.CibarFiKhabar.Shamela0025841-ara1.mARkdown
اشتد الغلا والوبا حتي ان اهل البيت كانوا يموتون في ليله وحتي حكي ان امراه اكلت رغيفا بالف دينار فاستبعد ذلك فقيل انها باعت عروضا ,0748Dhahabi.CibarFiKhabar.Shamela0025841-ara1.mARkdown
اشتد الغلا وعدمت الاقولت وشرع الوبا وعظم الخطب الي ان ال بهم الامر الي اكل الادميين الموتي وفيها توفي ابو جعفر القرطبي احمد بن علي ,0748Dhahabi.CibarFiKhabar.Shamela0025841-ara1.mARkdown
القحط المفرط بالجزيره وديار بكر واكلت الميته وبيعت الاولاد وجلا الناس ومات بعض الناس من الجوع وجري ما لا يعبر عنه وكان اهل بغداد في ,0748Dhahabi.CibarFiKhabar.Shamela0025841-ara1.mARkdown
الغلا المفرط والوبا ببغداد وبلغ الكر متين وعشره دنانير واكلوا الجيف وفيها وصلت الروم فاغارت علي اعمال حلب وبدعوا وسبوا عشره الاف نسمه وفيها اقبل ,0748Dhahabi.CibarFiKhabar.Shamela0025841-ara1.mARkdown
الغلا المفرط بالعراق حتي اكلوا الكلاب والحمر وفيها ابو نصر النرسي احمد بن محمد بن احمد بن حسنون البغدادي الصدوق العبد الصالح روي عن ابن ,0748Dhahabi.CibarFiKhabar.Shamela0025841-ara1.mARkdown
الغلا المفرط والوبا ونهبت الجند دور العامه قال ابن الاثير اشتد الغلا والوبا حتي ان اهل البيت كانوا يموتون في ليله وحتي حكي ان امراه ,0748Dhahabi.CibarFiKhabar.Shamela0025841-ara1.mARkdown
الغلا المفرط بل وقبلها سنوات بافريقيه حتي اكلوا لحوم الادميين وفيها توفي ابو الحسن بن الابنوسي احمد بن ابي محمد عبد الله بن علي البغدادي ,0748Dhahabi.CibarFiKhabar.Shamela0025841-ara1.mARkdown
الغلا المفرط حتي ابيعت الغراره بدمشق بالف وست ماه درهم واكلت الجيف وتفاقم الامر والخمور والفاحشه داره بدمشق وفيها توفي بدمشق خلق كثير من الاعيان ,0748Dhahabi.CibarFiKhabar.Shamela0025841-ara1.mARkdown
قحط شديد ووبا مفرط حتي اكلوا الجيف واما الموت فيقال انه اخرج في يوم واحد الف وخمس ماه جنازه وكانوا يحفرون الحفار الكبار ويدفنون فيها ,0748Dhahabi.CibarFiKhabar.Shamela0025841-ara1.mARkdown
اشتد الغلا اتاه مولاه فقال قد غلا السعر فلو نقصنا من الكر فقال انت شيطان صيره كرين قال واخبرت ان الجسور يوم مات امتلات فلم ,0748Dhahabi.TarikhIslam.Shamela0035100-ara1.mARkdown
اشتد الغلا لان القرمطي ومنسا منعوا الغلات من النواحي ان تصل ولم يحج ركب العراق وفي صفر غلب منس علي الموصل فتسلل اليه الجند والفرسان ,0748Dhahabi.TarikhIslam.Shamela0035100-ara1.mARkdown
اشتد الغلا حتي حكي ان امراه اكلت رغيفا بالف دينار فاستبعد ذلك فقيل انها باعت عروضها وقيمته الف دينار بثلاثماه دينار واشترت بها قمحا وحمله ,0748Dhahabi.TarikhIslam.Shamela0035100-ara1.mARkdown
اشتد الغلا علي الفرنج وجا الشتا وانقطعت ماده البحر لهيجه ولولا ان بعض الجهال كانوا يجلبون اليهم الغلات لان الغراره بلغت عندهم الف درهم لكانوا ,0748Dhahabi.TarikhIslam.Shamela0035100-ara1.mARkdown
اشتد الغلا بالموصل والجزيره جميعها فاكل الناس الميته والسنانير والكلاب ففقد الكلاب والسنانير ولقد دخلت يوما الي داري فرايت الجواري يقطعن اللحم فرايت حواليه اثني ,0748Dhahabi.TarikhIslam.Shamela0035100-ara1.mARkdown
اشتد الغلا وعظم البلا حتي ابيع التبن كل اوقيه بقرطاس ثم احرقت العقيبه قال ابو المظفر ابن الجوزي فحكي ان رجلا كان له عشر بنات ,0748Dhahabi.TarikhIslam.Shamela0035100-ara1.mARkdown
اشتد الغلا فخرج منها وقصد بغداد طالبا للانجاد وللشهاب محمود ابقاه الله علينا لمن اولاك نعمته الشكر لانك للاسلام يا سيفه ذخر ومنا لك الاخلاص ,0748Dhahabi.TarikhIslam.Shamela0035100-ara1.mARkdown
اشتد الغلا بدمشق حتي بلغت الغراره ماه وثمانين درهما وبيع الخبز عشر اواق بدرهم ثم تناقص شيا واما مصر فوصلت الاخبار بالرخص وذهاب الوبا ولله ,0748Dhahabi.TarikhIslam.Shamela0035100-ara1.mARkdown
القحط المفرط ثم جهز السلطان الفي فارس عليهم خمارتكين وانضاف معهم سرايا ابن منيع الخفاجي فلم يشعر البساسيري ودبيس بن مزيد الا والعسكر قد وصل ,0748Dhahabi.TarikhIslam.Shamela0035100-ara1.mARkdown
القحط المفرط واشتغالهم بانفسهم حتي اكل بعضهم بعضا وتشتتوا في البلاد وكاد الخراب يستولي علي سار الاقليم حتي ابيع الكلب بخمسه دنانير والهر بثلاثه دنانير ,0748Dhahabi.TarikhIslam.Shamela0035100-ara1.mARkdown
القحط المفرط باليمن حتي اكلوا الميتات سنه اربع وسبعين وستماه في شهر جمادي الاخره نزلت التتار علي البيره في ثلاثين الفا واكثرهم من عسكر الروم ,0748Dhahabi.TarikhIslam.Shamela0035100-ara1.mARkdown
الغلا المفرط في الحجاز والعراق وبلغ كر الحنطه ببغداد ماه وخمسين دينارا وفيها اغارت الاعراب علي حمص فخرج لحربهم منجور التركي اميرها فقتلوه فجا علي ,0748Dhahabi.TarikhIslam.Shamela0035100-ara1.mARkdown
الغلا المفرط والوبا حتي عجزوا عن الدفن وعظم البلا وفيها نقل الاتابك طغتكين المصحف العثماني من طبريه خوفا عليه الي دمشق وخرج الناس لتلقيه فاقره ,0748Dhahabi.TarikhIslam.Shamela0035100-ara1.mARkdown
الغلا المفرط بافريقيه وعظم البلا بهم في هذا العام حتي اكل بعضهم بعضا وفيها تزوج الملك نور الدين بالخاتون ابنه الاتابك معين الدين انر وارسلت ,0748Dhahabi.TarikhIslam.Shamela0035100-ara1.mARkdown
الغلا المفرط ببلاد الشراه سنه ثمان وتسعين وخمسماه في المحرم خلع ببغداد علي ابي الحسن علي بن سلمان الحلي وقلد قضا القضاه وفي رابع عشر ,0748Dhahabi.TarikhIslam.Shamela0035100-ara1.mARkdown
الغلا المفرط والعدم قلت حدثني شيخنا تاج الدين محمود بن عبد الكريم الفارقي قال سار الملك الكامل ابن غازي الي قلاع بنواحي امد فافتتحها ثم ,0748Dhahabi.TarikhIslam.Shamela0035100-ara1.mARkdown
الغلا والقحط المفرط ثم جهز السلطان الفي فارس عليهم خمارتكين وانضاف معهم سرايا ابن منيع الخفاجي فلم يشعر البساسيري ودبيس بن مزيد الا والعسكر قد ,0748Dhahabi.TarikhIslam.Shamela0035100-ara1.mARkdown
الغلا والقحط بعكا وخافوا لا يقطع العادل عن عكا الميره وفيها سار صاحب حماه الملك المنصور ونزل ببعرين فقصده الفرنج من حصن الاكراد وطرابلس وغيرها ,0748Dhahabi.TarikhIslam.Shamela0035100-ara1.mARkdown
اشتد الغلا وعمد الناس الي الغش والخداع والحيل والاحتكار والتطفيف في الكيل والميزان فالف العلما بسبب ذلك الملفات ليشاركوا في حل هذه المشكله حلا اسلاميا ,0716NajmDinTufi.Intisarat.Shamela0037713-ara1
اشتداد الغلا والضرب علي ايدي المطففين والمحتكرين من ذلك ما كتبه شيخ الطوفي وابن عمره شيخ الاسلام ابن تيميه رحمه الله في كتاب الحسبه في ,0716NajmDinTufi.Intisarat.Shamela0037713-ara1
اشتد الغلا بالمدينه لانقطاع الجلب وقتل ودي القاضي هشام بن علي العلوي وعبد الله ابن القاد علي بن يحيي وافقر جماعه من المياسير حتي احتاجوا ,0845Maqrizi.Muqaffa.Shamela19Y0145334-ara1
اشتد الغلا عندهم وصاروا محصورين ثم اخذوا في اول ذي الحجه من المراكب التي في بحر المحله سبع حراريق ونجا من كان بها من المسلمين ,0845Maqrizi.Muqaffa.Shamela19Y0145334-ara1
قحط شديد فشكت الرعيه ما اصابهم الي ملكهم فامرهم بالاستسقا فجعلوا يستسقون ويتقربون بقربانهم التي يعتادونها في ملتهم وذبحوا انواع الحيوان من البقر والغنم والحمير ,0670AhmadDarjini.TabaqatMashayikhBiMaghrib.ShamIbadiyya0000107-ara1
قحط شديد فاحتال رجل يهودي علي تحصيل قوت يحفظ به نفسه فحضر يوما مجلس المرتضي وساله ان ياذن له في ان يقرا عليه شيا من ,0436SharifMurtada.Rasail.Shia000019Vols-ara1
قحط شديد علي عهد سليمان بن داود عليهما السلام فشكوا ذلك اليه وطلبوا اليه ان يستسقي لهم قال فقال لهم اذا صليت الغداه مضيت فلما ,0329IbnYacqubKulayni.Kafi.Shia001122Vols-ara1
قحط شديد سنين متواتره وكان عند امراه لقمه من خبز فوضعتها في فيها لتاكل فنادي السال يا امه الله الجوع فقالت المراه اتصدق في مثل ,0381IbnBabawayh.ThawabAcmal.Shia001138BK1-ara1.completed
قحط شديد تحته حمار اقمر خطوه حماره ميل تطوي له الارض منهلا منهلا لا يمر بما الا غار الي يوم القيامه ينادي باعلي صوته يسمع ,0381IbnBabawayh.KamalDin.Shia001146-ara1.completed
قحط شديد تحته حمارا قمر خطوه حماره ميل تطوي له الارض منهلا منهلا لا يمر بما الا غار الي يوم القيامه ينادي باعلي صوته يسمع ,0900IbnSulaymanHilli.MukhtasarBasair.Shia001172-ara1
قحط شديد تحته حمار اقمر خطوه حماره ميل تطوي له الارض منهلا منهلا لا يمر بما الا غار الي يوم القيامه ينادي باعلي صوته يسمع ,0573IbnHibatAllahQutbDinRawandi.Kharaij.Shia001344Vols-ara1
القحط والجوع ومكه من الحبشه والبصره وبلخ من الغرق والسند من الهند والهند من تبت وتبت من الصين وبذشجان وصاغان وكرمان وبعض الشام بسنابك الخيل ,0588IbnShahrAshub.ManaqibAlAbiTalib.Shia001349Vols-ara1
قحط شديد ثم الجور وقتل اهل بيتي الظما بالزورا ثم الشقاق نفاق الملوك وملك العجم فاذا ملكتكم الترك فعليكم باطراف البلاد وسواحل البحار والهرب الهرب ,0664IbnTawus.MalahimWaFitan.Shia001370-ara1
قحط شديد وان رجلا يهوديا توصل في تحصيل قوت يحفظ به نفسه فحضر مجلس المرتضي ليقرا عليه النجوم فاستاذن فاذن له فاجري له في كل ,0664IbnTawus.FarajMahmum.Shia001375-ara1
قحط شديد وشرع النقيب تاج الدين في بيع الغلات فباع بالاموال ثم بالاعراض ثم بالاملاك وكان يضرب المثل بذلك الغلا فيقال غلا ابن الطقطقي نسب ,0828IbnCinaba.CumdatTalib.Shia001388-ara1.completed
قحط شديد تحته حمار اقمر خطوه حماره ميل تطوي له الارض منهلا منهلا لا يمر بما الا غار الي يوم القيامه ينادي باعلي صوته يسمع ,0830IbnSulaymanHilli.MukhtasarBasair.Shia001389-ara1
قحط شديد سنين متواتره وكان عند امراه لقمه من خبز فوضعتها في فمها لتاكلها فنادي السال يا امه الله الجوع فقالت المراه اتصدق في مثل ,0880IbnAbiJumhurAhsai.CawaliLaali.Shia001395Vols-ara1
الغلا والقحط والحيف تطفيف في الوزن والكيل وزياده في السعر وهو الذي عبر عنه بالتحكم وقد نهي رسول الله صلي الله عليه واله عن الاحتكار ,0656IbnAbiHadid.SharhNahjBalagha.Shia002185Vols-ara1.completed
اشتد الغلا وبلغت الغراره في ثاني عشر ذي القعده الفا وماتي درهم وخمسين درهما فضه ناصريه كانت هذه حال اهل الشام ثم تنفرج عليهم الضاقه ,0662RashidAttar.GhurarFawaid.Shia002206-ara1
قحط شديد علي عهد عمر فخرج عمر بالناس فصلي بهم ركعتين وخالف بين طرفي رداه فجعل اليمين علي اليسار واليسار علي اليمين ثم بسط يديه ,0975MuttaqiHindi.KanzCummal.Shia002265Vols-ara1
القحط والجوع فكان الطعام يجلب اليهم من كل ناحيه فاذا اشتروه وقبضوه لم يصلوا به الي بيوتهم حتي يتسوس وينتن ويفسد فيذهب اموالهم ولا يجعل ,0260ImamCaskari.Tafsir.Shia002334-ara1
القحط والجوع وقال الجباي هي بالمرض الذي ينزل بهم وقيل تهتك استارهم بما يظهره الله من سو نياتهم وخبث سرارهم وقال الزجاج معناه انهم يختبرون ,0460ShaykhTusi.Tibyan.Shia002341Vols-ara1
القحط والجوع والخوف فقد قذف في قلوبهم الرعب من النبي وسراياه قوله تعالي ولقد جاهم رسول منهم فكذبوه فاخذهم العذاب وهم تفسير التبيان ج م ,0460ShaykhTusi.Tibyan.Shia002341Vols-ara1
القحط والجوع والضرا المرض ونقصان الانفس والاموال والمعني ولقد ارسلنا اليهم الرسل فكذبوهم فاخذناهم بالبليات في انفسهم واموالهم لكي يتضرعوا ويخضعوا ويتذللوا ويتوبوا عن ذنوبهم ,0548IbnHasanTabarsi.TafsirJawamicJamic.Shia002356Vols-ara1
القحط والجوع انظر خزانه الادب للبغدادي ج ص وما بعده و الاعراف و قاله ابن جريج راجع تفسير الماوردي ج ص حكاه الشيخ الطوسي في ,0548IbnHasanTabarsi.TafsirJawamicJamic.Shia002356Vols-ara1
القحط والجوع عن مجاهد وقيل بهتك استارهم وما يظهر من خبث سرارهم عن مقاتل وقيل بالبلا والجلا ومنع القطر وذهاب الثمار عن الضحاك واذا ما ,0548IbnHasanTabarsi.TafsirMajmacBayan.Shia002359Vols-ara1
القحط والجوع حتي اكلوا العظام والميته والكلاب والجيف وهلك الاموال والاولاد اذا هم يجارون اي يضجون ويستغيثون واصل الجار رفع الصوت بالتضرع كما يفعل الثور ,0671AbuCabdAllahQurtubi.JamicLiAhkamQuran.Shia002616Vols-ara1
القحط والجوع حتي اكلوا الميته والكلاب والعلهز قيل وما العلهز قال كانوا ياخذون الصوف والوبر فيبلونه بالدم ثم يشوونه وياكلونه فقال له ابو سفيان انشدك ,0671AbuCabdAllahQurtubi.JamicLiAhkamQuran.Shia002616Vols-ara1
القحط والجوع كما بلونا اصحاب الجنه البستان اذ اقسموا ليصرمنها يقطعون ثمرتها مصبحين وقت الصباح كي لا يشعر بهم المساكين فلا يعطونهم منها ما كان ,0911Suyuti.TafsirJalalayn.Shia002669-ara1
القحط والجوع والبس والفقير والا اتيناكم فيما لا قبل لكم به من الخيل والجنود ثم لا ننصرف عنكم وفيكم عين تطرف وقد اعذر من انذر ,0314IbnActhamKufi.Futuh.Shia003675Vols-ara1.completed
قحط شديد ثلاث سنين حتي ذبحوا دوابهم فلم يبق لهم من الدواب الا برذون يركبه الملك واخر يركبه الوزير وكان قد استتر عند الوزير اصحاب ,0573IbnHibatAllahQutbDinRawandi.QisasAnbiya.Shia003700-ara1
القحط والجوع والعيب تغب كفرح واتغبه غيره التلب الخسار تبا له وتلبا وككتف وفلز ابن سفيان اليقظان بن ابي ثعلبه صحابي عنبري وكفلز ع وشاعر ,0817MajdDinFiruzabadi.QamusMuhit.Shia003957Vols-ara1
قحط شديد تحته حمار اقمر خطوه حماره ميل تطوي له الارض منهلا منهلا لا يمر بما الا غار الي يوم القيامه ينادي باعلي صوته يسمع ,0803BahaDinNajafi.MuntakhabAnwar.Shia004022-ara1
القحط والجوع الذي اصاب اهل مكه سبع سنين حتي اكلوا الجيف والعظام والكلاب وقيل هو القتل يوم بدر وقيل العذاب الادني هو مصاب الدنيا واسقامها ,0360Tabarani.TafsirKabir.Tafsir02091-ara1
القحط المفرط اذ هو من اصعب العقوبات واسوها اذا هم فيه مبلسون الممنون متحسرون ايسون من كل خير ومع ذلك لم يتوجهوا الينا ولم يتضرعوا ,0561CabdQadirJilani.Tafsir.Tafsir03095-ara1
القحط والجوع وقيل شكوا ما نالهم من هلاك مواشيهم والبلا الذي اصابهم وجنا ببضاعه مزجاه قيل رديه لا تخذ الا بوكس وقيل قليله وقيل كانت ,0850Acqam.Tafsir.Tafsir05047-ara1
القحط والجوع بدعا النبي صلي الله عليه واله وسلم فكلوا مما رزقكم قيل خطاب لاهل وقيل عام قال الحاكم وهو الوجه لان المعتبر بمطلق اللفظ ,0850Acqam.Tafsir.Tafsir05047-ara1
القحط والجوع بدعوه رسول الله صلي الله عليه واله وسلم حين قال اللهم اشدد وطاتك علي مضر اللهم اجعلها سنين كسني يوسف فقحطوا وقيل بلوناهم ,0850Acqam.Tafsir.Tafsir05047-ara1
القحط والجوع بدعوه رسول الله صلي الله عليه وسلم اللهم اشدد وطاتك علي مضر واجعلها عليهم سنين كسني يوسف الحديث كما بلونا اصحاب الجنه المعروف ,0745AbuHayyanGharnati.TafsirNahrMadd.Tafsir08090-ara1
القحط والجوع قوله وضرب الله مثلا قريه كانت امنه اي ذات امن لا يغار علي اهلها مطمنه قاره باهلها لا يحتاجون الانتقال عنها بخوف او ,0810IbnHadi.JawharShaffaf.Zaydiyya0000062-ara1
القحط والجوع راغبين في رحمتك حال من الضمير في خرجنا وراجين فضل نعمتك ومملين افضالك وكريم نعمتك وخافين من عذابك ونقمتك بالقحط وحبس المطر والرجا ,0749MuayyadYahya.DibajWadi.Zaydiyya0000272-ara1
القحط والجوع بدعوه رسول الله حيث قال اللهم اشدد وطاتك علي مضر اللهم اجعلها سنين كسني يوسف وهذه ثمره تخذ من فعله عليه السلام وهو ,0836FaqihYusuf.ThamaratYanica.Zaydiyya0000274-ara1
