book,count
0630IbnAthirCizzDin.Kamil.JK000911-ara1.mARkdown,25
0748Dhahabi.TarikhIslam.Shamela0035100-ara1.mARkdown,18
0920IbnKhalilZaynDinMalati.NaylAmal.Sham19Y0017097-ara1,15
0654SibtIbnJawzi.MiratZaman.SHAM19Y23644-ara1,12
0852IbnHajarCasqalani.InbaGhumr.JK009239-ara1,11
0947BamakhramaHimyari.QiladatNahr.Sham19Y0029560-ara1,11
0748Dhahabi.CibarFiKhabar.Shamela0025841-ara1.mARkdown,10
0597IbnJawzi.Muntazam.Shamela0012406-ara1.mARkdown,9
0736IbnDawadari.KanzDurar.Sham19Y0018147-ara1.completed,7
0845Maqrizi.ItticazHunafa.Shamela0000176-ara1.completed,7
0774IbnKathir.Bidaya.Shamela0004445-ara1.completed,7
0845Maqrizi.Mawaciz.Shamela0011566-ara1.completed,6
0902Sakhawi.DawLamic.JK003608-ara1.completed,5
0911Suyuti.HusnMuhadara.Shamela0003283-ara1.completed,5
0911Suyuti.TarikhKhulafa.Shamela0011997-ara1,5
0928MujirDinCulaymi.FathRahman.Sham19Y0014404-ara1,4
0458YahyaIbnSacidAntaki.Tarikh.Sham19Y0014512-ara1,4
0832AbuTayyibFasi.CiqdThamin.Sham19Y0020989-ara1,4
0855BadrDinCayni.CiqdJuman.ShamAY0033840-ara1,4
0808IbnKhaldun.Tarikh.Shamela0012320-ara1.completed,4
0468IbnAhmadWahidiNaysaburi.WajizFiTafsir.JK000462-ara1,3
0816IbnHajji.Tarikh.Sham19Y0019065-ara1,3
0510IbnMascudBaghawi.Tafsir.Shamela0000041-ara1.completed,3
0681IbnKhallikan.WafayatAcyan.Shamela0001000-ara1.completed,3
0710IbnAhmadHafizDinNasafi.Tafsir.Shamela0001394-ara1,3
0665AbuShama.Rawdatayn.Shamela0006631-ara1.completed,3
0660IbnCadim.ZubdatHalab.Shamela0009872-ara1.completed,3
0668IbnHusaynJacfariHashimi.Takhjil.Shamela0012002-ara1,3
0421Miskawayh.Tajarib.Shamela0012396-ara1.completed,3
0726Yunini.DhaylMiratZaman.Shamela0012722-ara1.completed,3
0745AbuHayyanGharnati.TafsirBahrMuhit.Shamela0023591-ara1.completed,3
0741KhazinBaghdadi.LubabTawil.Shamela0023628-ara1.completed,3
0850Acqam.Tafsir.Tafsir05047-ara1,3
0817MajdDinFiruzabadi.TanwirMiqbas.JK000865-ara1,2
0571IbnCasakir.TarikhDimashq.JK000916-ara1.mARkdown,2
0800IbnCadilHanbali.LubabFiCulumKitab.JK009266-ara1,2
0893IbnIsmacilShihabDinKurani.KawtharJari.Sham19Y0016584-ara1,2
0743SharafDinTibi.FutuhGhayb.Sham19Y0020891-ara1,2
0671AbuCabdAllahQurtubi.TadhkiraFiAhwalMawta.ShamAY0033760-ara1,2
0538JarAllahZamakhshari.Kashshaf.ShamAY0034052-ara1,2
0977KhatibShirbini.SirajMunir.ShamAY0034068-ara2,2
0803MalikAshrafIsmacilRasuli.CasjadMasbuk.ShamAY0034638-ara1,2
0764Safadi.AcyanCasr.Shamela0000131-ara1.mARkdown,2
0463KhatibBaghdadi.TarikhBaghdad.Shamela0000736-ara2.mARkdown,2
0711IbnManzurIfriqi.MukhtasarTarikhDimashq.Shamela0003118-ara1.completed,2
0832AbuTayyibFasi.ShifaGharam.Shamela0008362-ara1,2
0604AbuDharrKhushani.ImlaMukhtasar.Shamela0009222-ara1,2
0695IbnCidhariMarrakushi.BayanMaghrib.Shamela0011782-ara1.completed,2
0562Samcani.Ansab.Shamela0012317-ara1.completed,2
0685IbnCibri.TarikhMukhtasarDuwal.Shamela0012348-ara1.completed,2
0730NizamDinNaysaburi.GharaibQuran.Shamela0023613-ara1,2
0606FakhrDinRazi.MafatihGhayb.Shamela0023635-ara1,2
0716NajmDinTufi.Intisarat.Shamela0037713-ara1,2
0845Maqrizi.Muqaffa.Shamela19Y0145334-ara1,2
0460ShaykhTusi.Tibyan.Shia002341Vols-ara1,2
0548IbnHasanTabarsi.TafsirJawamicJamic.Shia002356Vols-ara1,2
0671AbuCabdAllahQurtubi.JamicLiAhkamQuran.Shia002616Vols-ara1,2
0692IbnCabdZahir.TashrifAyyam.GVDB20200720-ara1,1
0725BaybarsMansuri.ZubdatFikra.GVDB20201027-ara1.completed,1
0505Ghazali.IhyaCulumDin.JK000001-ara1,1
0281IbnAbiDunya.Hawatif.JK000050-ara1.mARkdown,1
0821Qalqashandi.Maathir.JK000401-ara1,1
0489IbnMuhammadSamcani.TafsirQuran.JK006476-ara1,1
0656IbnCabdQawiMundhiri.TarghibWaTarhib.Sham19Y0013223-ara2,1
0786ShamsDinKirmani.Kawakib.Sham19Y0013605-ara1,1
0804IbnMulaqqin.IclamBiFawaid.Sham19Y0013769-ara1,1
0502CabdWahidRuyani.BahrMadhhab.Sham19Y0016934-ara1,1
0804IbnMulaqqin.Ashbah.Sham19Y0018192-ara1,1
0852IbnHajarCasqalani.MajmacMuassis.Sham19Y0020861-ara1,1
0436SharifMurtada.Amali.Sham19Y0020937-ara1,1
0544QadiCiyad.IkmalMuclim.Sham19Y0122406-ara1,1
0911Suyuti.JamicKabir.Sham19Y0127677-ara1,1
0928MujirDinCulaymi.TarikhMuctabar.Sham19Y0127698-ara1,1
0844IbnHusaynIbnRaslanRamli.SharhSunanAbiDawud.Sham19Y0131521-ara1,1
0464AbuBakrMaliki.RiyadNufus.Sham19Y0148883-ara1.mARkdown,1
0794BadrDinZarkashi.SalasilDhahab.Sham19Y0150599-ara1,1
0360Tabarani.Tafsir.ShamAY0033108-ara1,1
0405HakimNaysaburi.Mustadrak.ShamAY0033945-ara4,1
0885BurhanDinBiqaci.NazmDurar.ShamAY0034073-ara1,1
0450AbuHasanMawardi.HawiKabir.ShamAY0034249-ara1,1
0751IbnQayyimJawziyya.HidayatHayara.ShamAY0034430-ara3,1
0733IbnJamacaBadrDinHamawi.GhurarTibyan.ShamAY0036739-ara1,1
0599IbnYahyaDabbi.BughyatMultamis.Shamela0000728-ara1.completed,1
0520IbnMuhammadTurtushi.SirajMuluk.Shamela0001585-ara1.mARkdown,1
0406IbnMuhammadNaysaburi.CuqalaMajanin.Shamela0001593-ara1,1
0463IbnCabdBarr.TamhidMuwatta.Shamela0001719-ara1,1
0855BadrDinCayni.CumdatQari.Shamela0005756-ara1.completed,1
0749ZaynDinIbnWardi.Tarikh.Shamela0006624-ara1,1
0874IbnTaghribirdi.MawridLatafa.Shamela0006669-ara1.completed,1
0902Sakhawi.TuhfaLatifa.Shamela0007434-ara1,1
0694MuhibbDinTabari.RiyadNadira.Shamela0008657-ara1.completed,1
0812CaliKhazraji.CuqudLuluiyya.Shamela0009233-ara1,1
0521MuhammadHamadhani.TakmilatTarikhTabari.Shamela0009783BK3-ara1.completed,1
0384IbnCaliTanukhi.NishwarMuhadara.Shamela0010275-ara1,1
0806IbnHusaynZaynDinCiraqi.TarhTarthib.Shamela0011036-ara1,1
0957ShihabDinRamli.HashiyaCalaAsnaMatalib.Shamela0011468BK2-ara1,1
0569BinyaminTutili.Rihla.Shamela0011681-ara1,1
0779IbnBattuta.Rihla.Shamela0011769-ara1.completed,1
0884AbuDharrSibtIbnCajami.KunuzDhahab.Shamela0011786-ara1,1
0597IbnJawzi.SaydKhatir.Shamela0012028-ara1,1
0909IbnCabdHadi.MahdSawab.Shamela0012062-ara1,1
0578IbnBashkuwal.Mustaghithin.Shamela0012845-ara1,1
0418HibatAllahLalikai.KaramatAwliya.Shamela0013150-ara1,1
0573NashwanHimyari.ShamsCulum.Shamela0023358-ara1,1
0427AbuIshaqThaclabi.KashfWaBayan.Shamela0023578-ara1.completed,1
0920IbnMahmudNakhjawani.FawatihIlahiyya.Shamela0023624-ara1,1
0407IbnMuhammadKharkushi.SharafMustafa.Shamela0023644-ara1,1
0670AhmadDarjini.TabaqatMashayikhBiMaghrib.ShamIbadiyya0000107-ara1,1
0436SharifMurtada.Rasail.Shia000019Vols-ara1,1
0329IbnYacqubKulayni.Kafi.Shia001122Vols-ara1,1
0381IbnBabawayh.ThawabAcmal.Shia001138BK1-ara1.completed,1
0381IbnBabawayh.KamalDin.Shia001146-ara1.completed,1
0900IbnSulaymanHilli.MukhtasarBasair.Shia001172-ara1,1
0573IbnHibatAllahQutbDinRawandi.Kharaij.Shia001344Vols-ara1,1
0588IbnShahrAshub.ManaqibAlAbiTalib.Shia001349Vols-ara1,1
0664IbnTawus.MalahimWaFitan.Shia001370-ara1,1
0664IbnTawus.FarajMahmum.Shia001375-ara1,1
0828IbnCinaba.CumdatTalib.Shia001388-ara1.completed,1
0830IbnSulaymanHilli.MukhtasarBasair.Shia001389-ara1,1
0880IbnAbiJumhurAhsai.CawaliLaali.Shia001395Vols-ara1,1
0656IbnAbiHadid.SharhNahjBalagha.Shia002185Vols-ara1.completed,1
0662RashidAttar.GhurarFawaid.Shia002206-ara1,1
0975MuttaqiHindi.KanzCummal.Shia002265Vols-ara1,1
0260ImamCaskari.Tafsir.Shia002334-ara1,1
0548IbnHasanTabarsi.TafsirMajmacBayan.Shia002359Vols-ara1,1
0911Suyuti.TafsirJalalayn.Shia002669-ara1,1
0314IbnActhamKufi.Futuh.Shia003675Vols-ara1.completed,1
0573IbnHibatAllahQutbDinRawandi.QisasAnbiya.Shia003700-ara1,1
0817MajdDinFiruzabadi.QamusMuhit.Shia003957Vols-ara1,1
0803BahaDinNajafi.MuntakhabAnwar.Shia004022-ara1,1
0360Tabarani.TafsirKabir.Tafsir02091-ara1,1
0561CabdQadirJilani.Tafsir.Tafsir03095-ara1,1
0745AbuHayyanGharnati.TafsirNahrMadd.Tafsir08090-ara1,1
0810IbnHadi.JawharShaffaf.Zaydiyya0000062-ara1,1
0749MuayyadYahya.DibajWadi.Zaydiyya0000272-ara1,1
0836FaqihYusuf.ThamaratYanica.Zaydiyya0000274-ara1,1
