word,count
اشتد الغلا,126
قحط شديد,61
القحط والجوع,59
الغلا المفرط,37
حتي اكلوا,21
صلي الله,20
الله عليه,20
الغلا والقحط,20
عليه وسلم,17
الغلا في,14
علي عهد,14
شديد علي,14
كما بلونا,13
محمد بن,12
اصحاب الجنه,12
بن عبد,12
الغلا ببغداد,12
حتي اكل,11
وعم الغلا,11
القحط المفرط,11
احمد بن,11
اشتداد الغلا,11
عهد عمر,10
وفيها توفي,10
ركعتين وخالف,10
وخالف بين,10
بعضهم بعضا,10
اليمين علي,10
علي اليسار,10
الغلا بمصر,10
هذه السنه,10
بلونا اصحاب,10
فجعل اليمين,9
رسول الله,9
بهم ركعتين,9
رداه فجعل,9
بين طرفي,9
الغلا والوبا,9
طرفي رداه,9
له في,8
فخرج عمر,8
علي اليمين,8
الله صلي,8
فصلي بهم,8
علي بن,8
بالناس فصلي,8
واكل الناس,8
اليسار واليسار,8
اكلوا الكلاب,8
من ذلك,8
اكلوا الجيف,8
اليمين ثم,8
الغلا علي,8
شديد حتي,8
اهل مكه,7
عمر بالناس,7
من اهل,7
واليسار علي,7
ان امراه,7
يوم القيامه,7
في كل,7
الي ان,7
اكل الناس,7
والجوع كما,7
بن محمد,6
الف درهم,6
يوم بدر,6
قال ابن,6
رضي الله,6
في سنه,6
في هذه,6
والجوع بدعوه,6
بدعوه رسول,6
سنه خمس,6
الناس الميته,6
ثم بسط,6
بالف دينار,6
رغيفا بالف,6
كل يوم,6
الميته والكلاب,6
حتي ان,6
ينادي باعلي,5
القيامه ينادي,5
تطوي له,5
باعلي صوته,5
صوته يسمع,5
غار الي,5
المفرط في,5
الي يوم,5
بما الا,5
الا غار,5
قد اشتد,5
يمر بما,5
لا يمر,5
منهلا لا,5
منهلا منهلا,5
الارض منهلا,5
سنه ه,5
الغلا قد,5
وفي سنه,5
وكثر الوبا,5
بن احمد,5
من كل,5
اكلت رغيفا,5
امراه اكلت,5
الغلا حتي,5
والوبا حتي,5
ان اهل,5
اهل البيت,5
البيت كانوا,5
كانوا يموتون,5
يموتون في,5
في ليله,5
حكي ان,5
وكثر الموت,5
وخرج الناس,5
حتي ابيع,5
في البلاد,5
له الارض,5
ما كان,5
ميل تطوي,5
فقال انت,5
حماره ميل,5
الله عنه,5
الكلاب والجيف,5
بالنبي صلي,5
كسني يوسف,5
سنين كسني,5
غلا السعر,5
علي مضر,5
وطاتك علي,5
اشدد وطاتك,5
السعر فلو,5
فلو نقصنا,5
نقصنا من,5
من هذا,5
قد غلا,5
انت شيطان,5
اللهم اشدد,5
شديد تحته,5
خطوه حماره,5
عمر فخرج,5
صيره كرين,5
بهم الي,4
سنه سبع,4
فلم يسقوا,4
كثير من,4
بلاد الاسلام,4
عامه بلاد,4
في عامه,4
عمر رضي,4
اكل بعضهم,4
اواق بدرهم,4
ذي القعده,4
عن ذنوبهم,4
يتذللون ويتخشعون,4
يتضرعون يتذللون,4
لعلهم يتضرعون,4
المرض ونقصان,4
والجوع والضرا,4
ورحل عنها,4
سنين حتي,4
فكان له,4
بثلاثه دنانير,4
الي اكل,4
هذا فقال,4
وحتي حكي,4
الادميين وفيها,4
الناس من,4
شيطان او,4
الناس بعضهم,4
المفرط والوبا,4
المفرط بافريقيه,4
او رسول,4
عبد الله,4
الغلا بها,4
كرين فكان,4
فقال قد,4
الغلا اتاه,4
بن ابي,4
وبلغ الكر,4
من الجوع,4
وعدمت الاقوات,4
بعد ان,4
فاستغاثوا بالنبي,4
جماعه من,4
المفرط ثم,4
عن ابن,4
في شهر,4
عنه فخرج,4
ابن عباس,4
الصحرا ومعه,4
الي الصحرا,4
سبع سنين,4
وسلم ليدعو,4
اذا هم,4
الله تعالي,4
بينها وبين,4
بمصر حتي,4
ليدعو لهم,4
الغلا تلك,4
في يوم,4
والجيف فاستغاثوا,4
المحمل الشامي,4
حمار اقمر,4
دون صنعا,4
اقمر خطوه,4
الناس الي,4
تحته حمار,4
سار الحيوانات,3
بن علي,3
ان ال,3
الشيطان صيره,3
الخطب الي,3
ناب حلب,3
وعظم الخطب,3
الغلا وعدمت,3
بسط يديه,3
ومعه سار,3
عجزوا عن,3
والكلاب والسنانير,3
وعظم البلا,3
يوم بعد,3
الهه من,3
قل للمشركين,3
وبلغت الغراره,3
الغلا بمكه,3
لهم قال,3
رسول الشيطان,3
بامر الله,3
عليه السلام,3
مفرط حتي,3
وخرج بهم,3
البين وخرج,3
ذات البين,3
واصلاح ذات,3
والصلاه واصلاح,3
بالصوم والصلاه,3
الناس بالصوم,3
فامر الناس,3
شديد فامر,3
لحوم الادميين,3
اكلوا لحوم,3
بافريقيه حتي,3
الاصقاع حتي,3
الحيوانات وفرق,3
وفرق بينها,3
وبين اولادها,3
يقال له,3
اولادها فوقع,3
شديد ووبا,3
وديار بكر,3
ووبا مفرط,3
وكان اذا,3
من البلدان,3
ببغداد في,3
الرسل فكذبوهم,3
تاج الدين,3
ما لا,3
فلولا اذ,3
ربيع الاخر,3
الغلا بالموصل,3
ويتوبون عن,3
لربهم ويتوبون,3
ويتخشعون لربهم,3
لا يعبر,3
يعبر عنه,3
وموت كثير,3
فكذبوهم فاخذناهم,3
اليهم الرسل,3
والهر بثلاثه,3
ارسلنا اليهم,3
ولقد ارسلنا,3
والمعني ولقد,3
الاموال والانفس,3
عليه واله,3
والضرا المرض,3
بعض الناس,3
وبلغ الاردب,3
الله بن,3
الاردب القمح,3
توفي ابو,3
ماه دينار,3
اذ جاهم,3
من سنه,3
وديار الجزيره,3
قوم من,3
وبا عظيم,3
بخمسه دنانير,3
الكلب بخمسه,3
علي ما,3
وغير ذلك,3
اتاه فقال,3
الغلا بدمشق,3
المفرط حتي,3
دينار فاستبعد,3
فاستبعد ذلك,3
شديد وجدب,3
ذلك فقيل,3
فقيل انها,3
انها باعت,3
باعت عروضا,3
الغلا عندهم,3
الف دينار,3
دينار واشترت,3
وخمسين درهما,3
ثم في,3
قوت يحفظ,3
تحصيل قوت,3
علي اهل,3
فاكل الناس,3
جميعها فاكل,3
تلك الاصقاع,3
دنانير والهر,3
ببغداد حتي,3
خمس وسبعين,3
علي ذلك,3
العجيف وخرج,3
فكيف العجيف,3
السمين فكيف,3
فبيع الخبز,3
وستين وماتين,3
بعد سنه,3
فكيف الضعيف,3
القوي فكيف,3
وتفرقت الجماعه,3
المجاعه وتفرقت,3
والجوع عن,3
حتي كان,3
الغلا وامتد,3
فخرج موسي,3
والحمله الدقيق,3
عهد موسي,3
باربعه دنانير,3
الذين زعمتم,3
ادعوا الذين,3
خلق كثير,3
الناس حذر,3
حذر الموت,3
الموت من,3
وقيل هو,3
حتي بلغ,3
حتي بيع,3
من الثمرات,3
ونقص من,3
من البلاد,3
النبي صلي,3
بدعا النبي,3
واللحم اربع,3
قوله تعالي,3
في هذا,3
من الديار,3
وضرب الله,3
الله مثلا,3
اللهم اجعلها,3
والجوع الذي,3
وسلم اللهم,3
كانت امنه,3
الحسن علي,3
اربع اواق,3
تطلق علي,3
سنه ثمان,3
الموت حتي,3
دينارا واكل,3
قال اللهم,3
قبر واحد,3
في قبر,3
مضر واجعلها,3
الذي كان,3
والوبا بمصر,3
ثم خرج,3
حتي قيل,3
وثلاثين دينارا,3
ليله وحتي,3
والجوع حتي,3
كل شي,2
ان كان,2
يقال اسنت,2
وفيه اقام,2
اقام شيخ,2
الشامي وفيه,2
بدرهم وافنيت,2
والجوع يقال,2
والشام المحمل,2
وافنيت الحمر,2
صنعا بفرسخين,2
وازم يازم,2
بمصر والشام,2
الحمر والخيل,2
رحمه الله,2
عليهم سنين,2
يوسف الحديث,2
الحديث كما,2
علي العام,2
الجنه المعروف,2
ست وستين,2
الي ربهم,2
سنه ست,2
من العسر,2
فاوحي الله,2
من شده,2
الجنه روي,2
قل ادعوا,2
من الشام,2
الشام المحمل,2
والجوع عنكم,2
نايب الشام,2
عنكم ولا,2
ولا تحويلا,2
العسر الي,2
ابتلينا اصحاب,2
شيخ نايب,2
كل ثلاثه,2
الي اليسر,2
اليسر اولك,2
اولك الذين,2
الذين يدعون,2
يدعون يبتغون,2
يبتغون الي,2
ثلاثه بدرهم,2
ربهم الوسيله,2
والخيل والبغال,2
العقوبات واسوها,2
كما تطلق,2
باللعن والخزي,2
المفرط اذ,2
زعمتم انهم,2
اذ هو,2
روي عن,2
اذ لا,2
هو من,2
قال قتاده,2
من اصعب,2
ولم يتضرعوا,2
الينا ولم,2
يتوجهوا الينا,2
لم يتوجهوا,2
ذلك لم,2
ومع ذلك,2
للمشركين ادعوا,2
خير ومع,2
كل خير,2
ايسون من,2
فيه مبلسون,2
اصعب العقوبات,2
هم فيه,2
بيت المقدس,2
انهم الهه,2
ذلك في,2
حوادث سنه,2
ذلك كما,2
الغلا بانطاكيه,2
واسوها اذا,2
وكان ذلك,2
وفيه خرج,2
بالغلبه علي,2
السنه تطلق,2
فان السنه,2
والجوع وقال,2
تخلفوا وقعوا,2
وقعوا في,2
في السنه,2
جمادي الاخره,2
سنه ثلاث,2
بن يوسف,2
سنه بعد,2
والجوع سنه,2
السنه الناس,2
من دونه,2
المغرب حوادث,2
الناس باللعن,2
الثالثه فاوحي,2
قال الله,2
خرج الثالثه,2
وفيها تزوج,2
الامر الي,2
اكل الادميين,2
ما بين,2
بعد ذلك,2
الادميين الموتي,2
يسقوا ثم,2
حيث قال,2
الانفس والاموال,2
ونقصان الانفس,2
ولم يحج,2
اكثر الناس,2
الناس حتي,2
ابو العباس,2
والعسكر قد,2
حتي حكي,2
الموت سيما,2
وعظم الموت,2
بدرهم وعظم,2
دنانير واللحم,2
القمح بثلاثه,2
والتليس القمح,2
وثلثين والتليس,2
دنانير وثلثين,2
الدقيق باربعه,2
بدرهم والحمله,2
رطلين بدرهم,2
السلطان من,2
بهم الامر,2
الي المدينه,2
ال بهم,2
دوله الاشرف,2
الاشرف انحطاط,2
المفرط وختم,2
وختم المجلس,2
المجلس بقصيده,2
بقصيده اولها,2
اولها اقول,2
يشكو توقف,2
توقف نيلنا,2
نيلنا سل,2
سل الله,2
الله يمدده,2
يمدده بفضل,2
بفضل وتاييد,2
فقال له,2
شيطان صيره,2
باعت عروضها,2
في اخرها,2
اخرها وانت,2
وانت فغفار,2
فغفار الذنوب,2
الذنوب وساتر,2
عبد الحميد,2
الحميد بن,2
في رجب,2
ثم اعقبه,2
السميد رطلين,2
عباس في,2
والجوع عادوا,2
بستان باليمن,2
الي الاستسقا,2
باليمن يقال,2
بهم في,2
له الضروان,2
ان لا,2
في الليل,2
وغيرها من,2
وصنع له,2
تعالي قل,2
ان رجلا,2
ثم دخل,2
عادوا الي,2
الا والعسكر,2
الي التكذيب,2
التكذيب فانتقم,2
فانتقم الله,2
الله منهم,2
منهم يوم,2
انا بلوناهم,2
عز وجل,2
به من,2
قوله صلي,2
في قوله,2
عمرو بن,2
موسي عليه,2
الجنه قال,2
شرف الدين,2
الوهاب بن,2
عبد الوهاب,2
مزيد الا,2
الخبز السميد,2
بن مزيد,2
ودبيس بن,2
البساسيري ودبيس,2
يشعر البساسيري,2
فلم يشعر,2
بمصر فبيع,2
والقحط بمصر,2
من الناس,2
الخفاجي فلم,2
منيع الخفاجي,2
ابن منيع,2
سرايا ابن,2
معهم سرايا,2
وانضاف معهم,2
خمارتكين وانضاف,2
بن نعير,2
عليهم خمارتكين,2
علي ابن,2
فارس عليهم,2
الفي فارس,2
السلطان الفي,2
جهز السلطان,2
ثم جهز,2
الشامي وصنع,2
درهما وبالقاهره,2
له ثوبا,2
ليله واحده,2
حالهم الي,2
الي مكه,2
الي الشام,2
وقال ايضا,2
الديار وتفرق,2
في اوال,2
الدوله كر,2
كر دقيق,2
بعشرين الف,2
ثلاث سنين,2
ونحف السمين,2
الضعيف ونحف,2
وهلك القوي,2
واحده وحتي,2
ثوبا صرف,2
الجماعه وهلك,2
دينار باعت,2
قيمته الف,2
وتحققت المجاعه,2
البلا وتحققت,2
ال الامر,2
وامتد البلا,2
المفرط بالجزيره,2
كل ممزق,2
بالجزيره وديار,2
والشام وتفرقوا,2
الميته وبيعت,2
وبيعت الاولاد,2
شديد ومجاعه,2
الذي اصاب,2
اصاب اهل,2
مكه سبع,2
هو مصاب,2
الادني هو,2
العذاب الادني,2
ان يقرا,2
يقرا عليه,2
عليه شيا,2
وقيل العذاب,2
شيا من,2
الغلا وكثر,2
بدر وقيل,2
مكه الكثير,2
الكثير ورحل,2
في اول,2
المفرط واشتغالهم,2
واشتغالهم بانفسهم,2
بانفسهم حتي,2
بعضا وتشتتوا,2
وتشتتوا في,2
القتل يوم,2
البلاد وكاد,2
وكاد الخراب,2
هو القتل,2
يستولي علي,2
علي سار,2
والكلاب وقيل,2
والعظام والكلاب,2
الجيف والعظام,2
الاولاد وجلا,2
وجلا الناس,2
الناس ومات,2
الجيف والروث,2
سته دنانير,2
من غير,2
والضجيج واقام,2
جماعه في,2
النخاله والحشيش,2
الناس النخاله,2
الجيف واما,2
واما الموت,2
الموت فيقال,2
اخرج في,2
يوم واحد,2
واحد الف,2
الف وخمس,2
وخمس ماه,2
ماه جنازه,2
الغلا وفي,2
جنازه وكانوا,2
وكانوا يحفرون,2
يحفرون الحفار,2
الحفار الكبار,2
الكبار ويدفنون,2
ويدفنون فيها,2
في المحرم,2
الي السما,2
من الفتن,2
والصراخ والضجيج,2
البكا والصراخ,2
الناس الجيف,2
والروث وماتوا,2
ومات بعض,2
وماتوا علي,2
الجوع وجري,2
وجري ما,2
عنه وكان,2
المفرط بالعراق,2
واليمن والشام,2
والحجاز واليمن,2
بالعراق حتي,2
الحاكم بامر,2
المغرب والحجاز,2
والوبا ونهبت,2
ونهبت الجند,2
الجند دور,2
دور العامه,2
العامه قال,2
ابن الاثير,2
الاثير اشتد,2
الي المغرب,2
فهرب الناس,2
بمصر فهرب,2
الموت في,2
في الناس,2
حتي عجزوا,2
ثمان وتسعين,2
بالرغفان ووجدت,2
العقار بالرغفان,2
وبيع العقار,2
لحومهم وبيع,2
علي تحصيل,2
يهودي علي,2
مصاب الدنيا,2
عشر درهما,2
وكان قد,2
قد وصل,2
الغلا الي,2
علي معز,2
معز الدوله,2
الحرب بنواحي,2
باثني عشر,2
بنواحي المدينه,2
الدوله وهو,2
ذلك من,2
ابو الحسن,2
في ذلك,2
الي بغداد,2
والرطل من,2
بمصر وكثر,2
الناس وبلغ,2
مقيم بظاهر,2
بظاهر بغداد,2
القمح ماه,2
ماه درهم,2
فنعوذ بالله,2
بالله من,2
الملك الكامل,2
بها من,2
بغداد من,2
من كان,2
من الجانب,2
منصور بن,2
الي دمشق,2
واربع مه,2
عبد الكريم,2
صرف عليه,2
عليه خمسه,2
خمسه وثلاثين,2
وثلاثين الف,2
والبيض كل,2
بتسعه عشر,2
واجعلها عليهم,2
في ايام,2
وبالقاهره بتسعه,2
وعشرين دينارا,2
الذي اصابهم,2
فوقع البكا,2
الجلال البلقيني,2
مجاهد وقيل,2
وثلاثين درهما,2
بسته وثلاثين,2
بالاسكندريه بسته,2
الفروج بالاسكندريه,2
السلطان الفراش,2
وفي صفر,2
اخبرنا ابو,2
قيل انه,2
في بعض,2
مصر حتي,2
ماه وخمسين,2
بديار مصر,2
الغلا بديار,2
سنه اربع,2
ماه وثلاثين,2
رجل يهودي,2
مدينه من,2
فاخذناهم لعلهم,2
فيها سبعين,2
ويستفتح فيها,2
سنين ويستفتح,2
تسع سنين,2
ويملكها تسع,2
فيها ويملكها,2
ذنوبهم فلولا,2
ويقيم فيها,2
الاندلس ويقيم,2
الي الاندلس,2
ويجوز الي,2
الناس ويجوز,2
عن الناس,2
وسلم عليهم,2
عليهم كما,2
الجنه وهم,2
وهم قوم,2
اهل الصلاه,2
الصلاه كانت,2
كانت لابيهم,2
الدنيا واسقامها,2
لابيهم هذه,2
هذه الجنه,2
الجنه دون,2
شديد فاحتال,2
فاحتال رجل,2
سبعين مدينه,2
من مدان,2
الدقيق ماه,2
مدان الروم,2
ببغداد وبلغ,2
سته عشر,2
عشر ذراعا,2
حتي كادوا,2
الجانب الغربي,2
درهم قال,2
قال ولم,2
ولم اخرج,2
كثير جدا,2
اخرج الغله,2
لله لبابه,2
وصل الي,2
ثم الي,2
في الرجعه,2
يوم الخميس,2
اليهم من,2
الغراره ماه,2
منها ما,2
الغله حتي,2
حتي تسلمت,2
الذهب فيجد,2
ونقصان الاموال,2
وكنيسه الذهب,2
روميه وكنيسه,2
والانفس والمعني,2
ويغنم روميه,2
الروم ويغنم,2
اوال دوله,2
سار الماكولات,2
وحصل له,2
مجلس المرتضي,2
الغلا بالديار,2
الي الكور,2
الجنيد الي,2
فكتب الجنيد,2
بالديار المصريه,2
الناس في,2
كل اردب,2
واله وسلم,2
المصريه لعدم,2
لعدم زياده,2
زياده النيل,2
شديد سنين,2
سنين متواتره,2
ثم رجع,2
وبيع الخبز,2
متواتره وكان,2
وكان عند,2
عند امراه,2
والجوع قوله,2
امراه لقمه,2
واكل بعضهم,2
لقمه من,2
من خبز,2
خبز فوضعتها,2
فوضعتها في,2
بن مروان,2
فنادي السال,2
وفيها في,2
فاعطي الجنيد,2
القمح الي,2
الجنيد رجلا,2
بسط يده,2
علي الفرنج,2
الغلا بالعراق,2
حتي بلغت,2
حال اهل,2
اجعلها سنين,2
مضر اللهم,2
ببني اسرايل,2
يسقوا حتي,2
صبي قد,2
حتي خرج,2
اكثر من,2
يحفظ به,2
عليهم من,2
به نفسه,2
نفسه فحضر,2
لقد رايتني,2
بدرهم لقد,2
ورغيف بدرهم,2
الجوع ورغيف,2
فقال لهم,2
رغيفا فقال,2
به رغيفا,2
فاشتري به,2
درهما فاشتري,2
دينار صوري,2
رجلا درهما,2
السال يا,2
يا امه,2
امه الله,2
الله الجوع,2
سنه تسع,2
فاقام بها,2
ابو طلحه,2
ولقد دخلت,2
دخلت يوما,2
يوما الي,2
الي داري,2
العزيز بالله,2
وكتب الي,2
داري فرايت,2
فرايت الجواري,2
الغلا سار,2
البلاد من,2
من حمص,2
الحجاز والعراق,2
ولقد اخذنا,2
اخذنا ال,2
لعلهم يذكرون,2
والشام وغير,2
ذلك الا,2
فاذا جاتهم,2
جاتهم الحسنه,2
الاسلام فانجلي,2
فانجلي من,2
الحنطه ببغداد,2
عنها عاملها,2
عاملها وهو,2
الي مرو,2
كان يدفن,2
تجاروا اليوم,2
قريه كانت,2
الجوع فقالت,2
بعضا ثم,2
ثم لحقهم,2
فقالت المراه,2
المراه اتصدق,2
اتصدق في,2
وبا وموت,2
في مثل,2
بالموصل وديار,2
الجزيره جميعها,2
الكلاب والسنانير,2
مثلا قريه,2
ذات امن,2
لا تجاروا,2
امن لا,2
لا يغار,2
يغار علي,2
علي اهلها,2
اهلها مطمنه,2
مطمنه قاره,2
في اليوم,2
منهم في,2
قاره باهلها,2
باهلها لا,2
لا يحتاجون,2
هم يجارون,2
ج ص,2
الكر الحنطه,2
في سار,2
استادار الصحبه,2
الدوله صرف,2
الغلا وعم,2
دينار بثلاثماه,2
صرف عنها,2
اواخر الدوله,2
اثنا سنه,2
عنها واستقر,2
واستقر استادار,2
في اواخر,2
بثلاثماه دينار,2
الغلا وكان,2
عظيم حتي,2
الغلا بافريقيه,2
الناس عن,2
واشترت بها,2
وعدم القوت,2
سار البلاد,2
وعدم الاقوات,2
في اثنا,2
موت الميد,2
مرض موت,2
سبع وثلاثين,2
في العسكر,2
وارجف بمسير,1
بمسير القرامطه,1
القرامطه الي,1
الشام وبدت,1
وقبض جميع,1
وبدت غلمانه,1
قالت والله,1
غلمانه تتنكر,1
غلاما تركيا,1
دمشق وقبض,1
وسبعين غلاما,1
تتنكر له,1
بن فلاح,1
وولي علي,1
الله من,1
له وكانوا,1
وكانوا الفا,1
وتسعين وولي,1
ومواراتهم وارجف,1
طعام قالت,1
الفا وسبعين,1
والكلاب والعلهز,1
فلاح دمشق,1
يظهره الله,1
تكفينهم ومواراتهم,1
وعز الما,1
شديد وقال,1
ايضا في,1
الظهر فعم,1
لقله الظهر,1
الما لقله,1
ينزل بهم,1
فروج وعز,1
والله يا,1
ولا فروج,1
دجاجه ولا,1
علي دجاجه,1
يقدر علي,1
فلم يقدر,1
الحيوان فلم,1
بهم وقيل,1
فعم البلا,1
وقيل تهتك,1
تهتك استارهم,1
البلا من,1
استارهم بما,1
ما عندي,1
الله ما,1
نبي الله,1
يا نبي,1
كل جهه,1
الغلا وفحش,1
وفحش الموت,1
بما يظهره,1
ما هو,1
والعلهز قيل,1
عن تكفينهم,1
جميع ما,1
واكل الموتي,1
هو محبس,1
ركوب البحر,1
شهر حشوان,1
حقولهم في,1
الفلاحون حقولهم,1
ويزرع الفلاحون,1
شديد ويزرع,1
البحر للتفرج,1
ومن ركوب,1
محبس علي,1
بالغنا ومن,1
التظاهر بالغنا,1
من التظاهر,1
انهم يختبرون,1
معناه انهم,1
الزجاج معناه,1
حشوان تشرين,1
والجوع والخوف,1
تشرين الثاني,1
الثاني عندما,1
عندما تنحسر,1
تنحسر المياه,1
المياه فيحصدون,1
اكلوا الميته,1
والخوف فقد,1
يفعل الثور,1
كما يفعل,1
بالتضرع كما,1
فيحصدون الشعير,1
الشعير في,1
في اذار,1
فقد قذف,1
اذار والحنطه,1
فمنع الناس,1
ذراعا فمنع,1
يوف سته,1
فقال لها,1
من طعام,1
عندك من,1
علي الكناس,1
الكناس وجعل,1
وفقد الحيوان,1
هل عندك,1
في الديوان,1
الديوان واحرق,1
واحرق عده,1
عده صلبان,1
صلبان علي,1
وفي تاسع,1
لها هل,1
تاسع المحرم,1
المحرم وهو,1
ولم يوف,1
ا فقال,1
سنين ا,1
من سو,1
سو نياتهم,1
نياتهم وخبث,1
وخبث سرارهم,1
وهو نصف,1
نصف توت,1
توت نقص,1
نقص ما,1
ما النيل,1
سرارهم وقال,1
وقال الزجاج,1
النيل ولم,1
وجعل في,1
معضاد ان,1
الناس وفقد,1
ياخذه واجده,1
بيعها وجاز,1
وجاز ان,1
ان تكون,1
تكون عوضا,1
عوضا كما,1
فلا يعطونهم,1
كما بينوه,1
بينوه في,1
في الصدقات,1
الصدقات والظاهر,1
والظاهر ان,1
ان هذا,1
هذا الجنس,1
الجنس ياخذه,1
واجده كما,1
يشعر بهم,1
المساكين فلا,1
الغلا وانهوا,1
بيعه انطاكيه,1
في بيعه,1
كان في,1
وانهوا حالهم,1
انه كان,1
بهم المساكين,1
الي الحضره,1
الحضره المطهره,1
المطهره يعني,1
يعني امير,1
امير الممنين,1
الممنين الظاهر,1
وصح بيعها,1
تعريفها وصح,1
وجب تعريفها,1
قيمه وجب,1
وما ناين,1
يعطونهم منها,1
ولوقش وما,1
وشمعون ولوقش,1
اول صاحب,1
صاحب المفهم,1
المفهم هذا,1
هذا الدعا,1
برنابا وشمعون,1
منهم برنابا,1
الدعا بحديث,1
بحديث ابن,1
انبيا منهم,1
انطاكيه انبيا,1
ابن مسعود,1
مسعود فقال,1
فقال واستجيب,1
واستجيب له,1
له صلي,1
وسلم فيهم,1
فيهم فاجدبوا,1
فاجدبوا سبعا,1
سبعا اكلوا,1
اكلوا فيها,1
فيها كل,1
شديد يكون,1
يكون للتمره,1
للتمره فيه,1
فيه قيمه,1
الظاهر لاعزاز,1
لاعزاز دين,1
قيل وما,1
الصوف والوبر,1
الشريف الكبير,1
الكبير العجمي,1
العجمي والشيخ,1
والشيخ نجيب,1
ثم يشوونه,1
نجيب الدوله,1
الدوله الجرجراي,1
الجرجراي والشيخ,1
هذا الفصل,1
الذي ينزل,1
والشيخ العميد,1
بالدم ثم,1
فيبلونه بالدم,1
والوبر فيبلونه,1
ياخذون الصوف,1
دين الله,1
كانوا ياخذون,1
قال كانوا,1
العلهز قال,1
العميد محسن,1
محسن بن,1
بن بدوس,1
بدوس مع,1
مع القاد,1
القاد معضاد,1
الصوت بالتضرع,1
الغلا وفشت,1
وفشت الامراض,1
الامراض وكثر,1
وما العلهز,1
قرر الشريف,1
وفيها قرر,1
يشوونه وياكلونه,1
الفصل انه,1
الله ابا,1
ابا الحسن,1
لا يشعر,1
بن الحاكم,1
كي لا,1
الله فرسم,1
الجباي هي,1
هي بالمرض,1
فرسم لناب,1
لناب الدوله,1
الدوله ابي,1
وكثر نقص,1
نقص النيل,1
النيل وفيها,1
بالمرض الذي,1
الصباح كي,1
وقت الصباح,1
مصبحين وقت,1
ثمرتها مصبحين,1
يقطعون ثمرتها,1
ليصرمنها يقطعون,1
اقسموا ليصرمنها,1
اذ اقسموا,1
البستان اذ,1
الجنه البستان,1
سفيان انشدك,1
ابو سفيان,1
له ابو,1
وياكلونه فقال,1
والحنطه في,1
الجار رفع,1
رفع الصوت,1
وما يظهر,1
الشيخ الطوسي,1
الطوسي في,1
عن مجاهد,1
وقيل بهتك,1
بهتك استارهم,1
استارهم وما,1
يظهر من,1
انه بانت,1
حتي ذكر,1
اهل مصر,1
من خبث,1
خبث سرارهم,1
سرارهم عن,1
تلك صوره,1
ذكر انه,1
بانت ارضها,1
تمطر ثلاث,1
و قاله,1
ص وما,1
وتمزق اهل,1
وما بعده,1
بعده و,1
و الاعراف,1
الاعراف و,1
قاله ابن,1
حكاه الشيخ,1
ابن جريج,1
جريج راجع,1
راجع تفسير,1
تفسير الماوردي,1
الماوردي ج,1
ص حكاه,1
صوره موجزه,1
عن مقاتل,1
مقاتل وقيل,1
خلالها بعض,1
المصري زمن,1
وسموم تتساقط,1
زمن الملف,1
الملف نتعرف,1
نتعرف من,1
من خلالها,1
بعض المثرات,1
وقيل بالبلا,1
المثرات في,1
في شخصيه,1
حر وسموم,1
بالبصره حر,1
شخصيه الملف,1
الملف وتكوينه,1
تتساقط منه,1
منه وجات,1
وجات ريح,1
ريح عظيمه,1
عظيمه بفم,1
بفم الصلح,1
الصلح حرقت,1
المجتمع المصري,1
حرقت الدجله,1
الدجله حتي,1
وذهاب الثمار,1
القطر وذهاب,1
عن المجتمع,1
ومنع القطر,1
والجلا ومنع,1
بالبلا والجلا,1
موجزه عن,1
حتي اكلت,1
اكلت امراه,1
امراه رغيفا,1
اكل بني,1
ذلك العجب,1
الموتي وتمزق,1
وري من,1
واشتهر وري,1
ادم واشتهر,1
بني ادم,1
وفشا اكل,1
لكي يتضرعوا,1
والادميين وفشا,1
الجيف والادميين,1
بحيث اكلوا,1
المفرط بحيث,1
خرجت من,1
امراه خرجت,1
انفسهم واموالهم,1
العجب العجاب,1
العجاب وتعدوا,1
وتعدوا الي,1
في انفسهم,1
بالبليات في,1
الي حفر,1
حفر القبور,1
القبور واكل,1
فاخذناهم بالبليات,1
والاموال والمعني,1
ج م,1
التبيان ج,1
تفسير التبيان,1
وهم تفسير,1
العذاب وهم,1
فاخذهم العذاب,1
واموالهم لكي,1
يتضرعوا ويخضعوا,1
دينار وكثر,1
ببغداد وزادت,1
سنين متواليه,1
المفرط سنين,1
ثلاثين ذراعا,1
دجله ثلاثين,1
وزادت دجله,1
جاهم رسول,1
العظيم ببغداد,1
ويخضعوا ويتذللوا,1
الفرق العظيم,1
كان الفرق,1
وستين كان,1
الغايه وفي,1
الي الغايه,1
الوبا الي,1
متواليه حتي,1
الاردب ماه,1
دينار وبيع,1
وبيع الكلب,1
دنانير وحكي,1
رسول منهم,1
وحكي صاحب,1
صاحب المراه,1
المراه ان,1
منهم فكذبوه,1
للبغدادي ج,1
الادب للبغدادي,1
خزانه الادب,1
انظر خزانه,1
والجوع انظر,1
ويتوبوا عن,1
ويتذللوا ويتوبوا,1
وتكوينه اذ,1
ولحق بالبصره,1
بها ولحق,1
الروم فالتقي,1
والجيف وهلك,1
وهلك الاموال,1
الاموال والاولاد,1
النبي وسراياه,1
والاولاد اذا,1
من النبي,1
الرعب من,1
ونصف من,1
قلوبهم الرعب,1
السما لم,1
صقليه الروم,1
صاحب صقليه,1
اغزي صاحب,1
وفيها اغزي,1
فالتقي في,1
في البحر,1
البحر بمراكبهم,1
بمراكبهم وهم,1
وهم في,1
في نحو,1
نحو ماه,1
ماه واربعين,1
واربعين مركبا,1
مركبا فدارت,1
فدارت بينهم,1
بينهم حرب,1
ومكثت السما,1
شديده حتي,1
حتي اسلم,1
اسلم المسلمون,1
شديد فاخرج,1
بافريقيه وفيها,1
يجارون اي,1
بن بسيل,1
موسم الصيف,1
واصل الجار,1
الي سته,1
من القمح,1
بلغ من,1
تكثر عندهم,1
الصيف تكثر,1
وفي موسم,1
اي يضجون,1
نيسان وفي,1
في نيسان,1
في قلوبهم,1
قذف في,1
لم تمطر,1
فكذبوه فاخذهم,1
دنانير امر,1
امر السلطان,1
السلطان ان,1
ان يعطي,1
يعطي لجميع,1
لجميع اهل,1
اهل دهلي,1
دهلي نفقه,1
نفقه سته,1
سته اشهر,1
اشهر من,1
من المخزن,1
المخزن بحساب,1
بحساب رطل,1
ويستغيثون واصل,1
رطل ونصف,1
يضجون ويستغيثون,1
فاخرج عبد,1
بسيل الوزير,1
الموت بها,1
من اطراف,1
الصغار مشويه,1
ووجدت الصغار,1
واكلت لحومهم,1
الطرق واكلت,1
علي الطرق,1
اطراف اهل,1
اناس من,1
الاول ثم,1
العظام والميته,1
وجا اناس,1
الجمعه وجا,1
يوم الجمعه,1
عليه يوم,1
صاحوا عليه,1
مشويه مع,1
مع المساكين,1
المساكين واشتري,1
للبيه الاجتماعيه,1
واشتري لمعز,1
اكلوا العظام,1
واذا ما,1
ان للبيه,1
الضحاك واذا,1
عن الضحاك,1
لمعز الدوله,1
الثمار عن,1
ببغداد جدا,1
جدا وظهر,1
يخفي ان,1
لا يخفي,1
وظهر الموت,1
ثم صاحوا,1
ربيع الاول,1
الوزير الي,1
ذي النون,1
قد مرقوا,1
كانوا قد,1
اذ كانوا,1
بهم اذ,1
فاوقع بهم,1
النون فاوقع,1
بنو ذي,1
اول ربيع,1
به بنو,1
كان به,1
الثغر الذي,1
الي الثغر,1
والميته والكلاب,1
والكلاب والجيف,1
وسراياه قوله,1
مرقوا عن,1
عن الطاعه,1
تعالي ولقد,1
الناس ومكثت,1
هلك الناس,1
ولقد جاهم,1
الطاعه واكثروا,1
الغلا فشكي,1
حتي هلك,1
فشكي الناس,1
الناس حالهم,1
الي كافل,1
كافل حلب,1
حلب جانم,1
جانم في,1
الخميس اول,1
حرب شديده,1
كرا معدلا,1
والجوع والبس,1
الانتقال عنها,1
بخوف او,1
والجوع راغبين,1
السنه والي,1
من هذه,1
شهور من,1
مده شهور,1
ذلك مده,1
واستمر ذلك,1
الناس واستمر,1
مات اكثر,1
وكان مات,1
ذلك وكان,1
اضعاف ذلك,1
وزاد اضعاف,1
الغلا وزاد,1
عنها بخوف,1
يحتاجون الانتقال,1
وتفرق فرق,1
اي ذات,1
الغلا والفنا,1
الغلات ورخصت,1
قدمت الغلات,1
حتي قدمت,1
وعشرين حتي,1
خمس وعشرين,1
والي اثنا,1
بمطلق اللفظ,1
وسلم حين,1
حين قال,1
يوسف فقحطوا,1
فقحطوا وقيل,1
وقيل بلوناهم,1
قوله وضرب,1
امنه اي,1
ان العادل,1
الذيل ان,1
في الذيل,1
شامه في,1
الدين تمرتاش,1
حسام الدين,1
ماردين حسام,1
صاحب ماردين,1
بنت صاحب,1
غازي بنت,1
الدين غازي,1
سيف الدين,1
تزوج سيف,1
رحمتك حال,1
حال من,1
المعاقل وفيها,1
واقفرت المعاقل,1
المنازل واقفرت,1
خلت المنازل,1
تمرتاش بن,1
بن ارتق,1
الغلا بارض,1
والاغنيا ثم,1
ابو شامه,1
الشيخ ابو,1
حكي الشيخ,1
راغبين في,1
فنا عظيم,1
اعقبه فنا,1
الفقرا والاغنيا,1
بارض مصر,1
من الفقرا,1
جدا من,1
في رحمتك,1
فهلك خلق,1
جدا فهلك,1
مصر جدا,1
والفنا بمصر,1
المعتبر بمطلق,1
انه بيع,1
توفي عمر,1
الوبا ببغداد,1
وسبعين وخرج,1
اكثر سنه,1
انقضي اكثر,1
ان انقضي,1
ودام الي,1
البلاد ودام,1
قيل خطاب,1
الجزيره والشام,1
بكر وديار,1
ومصر وديار,1
العراق ومصر,1
البلاد العراق,1
اكثر البلاد,1
خطاب لاهل,1
ببغداد وغيرها,1
البلاد وذكر,1
وذكر ان,1
بطن صبي,1
الضعيف ونهك,1
واكلها قال,1
وشواها واكلها,1
كبده وشواها,1
واخذ كبده,1
صبي واخذ,1
بقر بطن,1
رجلا بواسط,1
واخر بقر,1
واكلها واخر,1
له واكلها,1
بنتا له,1
ذبح بنتا,1
بواسط ذبح,1
وعم اكثر,1
سنه وفيها,1
بيع الفروج,1
تسعون سنه,1
بفرسخين وكانوا,1
الضروان دون,1
وقيل عام,1
عام قال,1
قال الحاكم,1
عباس بستان,1
الحاكم وهو,1
كما ابتلينا,1
اي كما,1
بلونا اي,1
والبغال والكلاب,1
عشر والبيض,1
وهو الوجه,1
الوجه لان,1
لان المعتبر,1
وكانوا حلفوا,1
حلفوا ان,1
لاهل وقيل,1
توفي علي,1
وله تسعون,1
الوزير وله,1
الجراح الوزير,1
بن الجراح,1
عيسي بن,1
بن عيسي,1
الموت وفيها,1
لا يصرمن,1
مشوي وكثر,1
صبي مشوي,1
وجد صبي,1
حتي وجد,1
القوت ببغداد,1
الغلا وعدم,1
حتي خلت,1
من الضمير,1
الضمير في,1
وتمزقوا كل,1
وتساعده امه,1
ولده وتساعده,1
يذبح ولده,1
نعمتك ومملين,1
ومملين افضالك,1
افضالك وكريم,1
وكريم نعمتك,1
نعمتك وخافين,1
وخافين من,1
من عذابك,1
الرجل يذبح,1
عذابك ونقمتك,1
ونقمتك بالقحط,1
وكان الرجل,1
قال وكان,1
امه علي,1
علي طبخه,1
طبخه وشيه,1
الجيف ونفدت,1
خيول السلطان,1
فاقامت خيول,1
العليق فاقامت,1
من العليق,1
حواصل السلطان,1
ونفدت حواصل,1
فرق مصر,1
وامتد الوبا,1
وتفرقت فرق,1
الديار وتفرقت,1
وهناك القوي,1
الجماعه وهناك,1
وحدثت المجاعه,1
الوبا وحدثت,1
ممزق قال,1
وتفرقوا وتمزقوا,1
ثلاثه ايام,1
والتي بعدها,1
يده فقال,1
اليسار علي,1
يوم كران,1
رسول شيطان,1
له قد,1
فعله عليه,1
الغلا فقال,1
تقوم الساعه,1
ان تقوم,1
يزال الي,1
لا يزال,1
وسلم لا,1
محمد صلي,1
دين محمد,1
ان دين,1
من فعله,1
وحتي ان,1
تخذ من,1
المطر والرجا,1
السنه والتي,1
بالقحط وحبس,1
وحبس المطر,1
كثير في,1
ابن كثير,1
الموتي قال,1
الله حيث,1
عروضها قيمته,1
يوسف وهذه,1
وهذه ثمره,1
ثمره تخذ,1
البلا وعظم,1
ووقع البلا,1
الاقوات ووقع,1
السلطان ثلاثه,1
ايام حتي,1
بسببه اكثر,1
مل الارض,1
السلطان محمد,1
واخذ السلطان,1
جدا واخذ,1
عندهم جدا,1
السنه ايضا,1
العراق في,1
اهل العراق,1
احد من,1
يحج احد,1
في خرجنا,1
خرجنا وراجين,1
الطعام ولم,1
عن الطعام,1
به عن,1
فتعوضوا به,1
محمد اهلها,1
اهلها بالمصادره,1
بالمصادره والحصار,1
والجوع والنقص,1
فهلك بسببه,1
بافريقيه فهلك,1
والثمرات ثم,1
والانفس والثمرات,1
من الاموال,1
والنقص من,1
الخوف والجوع,1
والحصار حولهم,1
عليهم الخوف,1
فاجتمع عليهم,1
البلد فاجتمع,1
خارج البلد,1
من خارج,1
حولهم من,1
الارض فتعوضوا,1
جرادا مل,1
حتي احضرت,1
عليهم جرادا,1
ام شرف,1
توفيت ام,1
وفيها توفيت,1
كثير وفيها,1
فنا كثير,1
لحقه فنا,1
ثم لحقه,1
وراجين فضل,1
فضل نعمتك,1
جدا ثم,1
الغلا جدا,1
البلاد وبلغ,1
المخلد في,1
التقاوي المخلد,1
احضرت التقاوي,1
شرف الدوله,1
الدوله وكانت,1
وكانت تركيه,1
ولد لشرف,1
الله عليهم,1
فارسل الله,1
الاقوات فارسل,1
بمكه وعدمت,1
الدوله ابنان,1
لشرف الدوله,1
وفيها ولد,1
تركيه ام,1
فيها وفيها,1
فعزاه فيها,1
الخليفه فعزاه,1
فجاه الخليفه,1
ولد فجاه,1
ام ولد,1
ونهك السمين,1
فرق بمصر,1
والبس والفقير,1
تبا له,1
وتلبا وككتف,1
وككتف وفلز,1
وفلز ابن,1
لان الزرع,1
وحلب لان,1
ابن سفيان,1
سفيان اليقظان,1
اليقظان بن,1
ابي ثعلبه,1
ثعلبه صحابي,1
صحابي عنبري,1
عنبري وكفلز,1
بانطاكيه وحلب,1
وكفلز ع,1
ع وشاعر,1
له وتلبا,1
الزرع عرق,1
الغلا ودام,1
الخسار تبا,1
حمص فرتب,1
قراجا من,1
ابن قراجا,1
حلب ابن,1
اهل حلب,1
واستدعي اهل,1
للخوف واستدعي,1
الفلاحون للخوف,1
وهرب الفلاحون,1
اتلفه وهرب,1
ادراكه اتلفه,1
عند ادراكه,1
هوا عند,1
ولحقه هوا,1
عرق ولحقه,1
مبلسون الممنون,1
الممنون متحسرون,1
متحسرون ايسون,1
والجوع وقيل,1
علي الشرطه,1
توزون علي,1
خليفه توزون,1
الديلمي خليفه,1
العباس الديلمي,1
قبض ابو,1
الاخره قبض,1
وقيل شكوا,1
شكوا ما,1
ما نالهم,1
نالهم من,1
من هلاك,1
هلاك مواشيهم,1
وفي جمادي,1
درهما وفي,1
بها في,1
السنه واستقرت,1
واستقرت الحال,1
الي حلب,1
الشام هرب,1
الدوله من,1
تاج الدوله,1
قرب تاج,1
ولما قرب,1
حلب ولما,1
عنها الي,1
الحال علي,1
فاخذها ورحل,1
مقاطعه فاخذها,1
دينار مقاطعه,1
الاف دينار,1
خمسه الاف,1
علي خمسه,1
فرتب الامور,1
الامور بها,1
العسكر وعدموا,1
حنطه بعشرين,1
وقد اعذر,1
اعذر من,1
من انذر,1
شديد ثلاث,1
حتي ذبحوا,1
ذبحوا دوابهم,1
دوابهم فلم,1
فلم يبق,1
يبق لهم,1
والقحط وقد,1
لهم من,1
من الدواب,1
الدواب الا,1
الا برذون,1
برذون يركبه,1
تطرف وقد,1
عين تطرف,1
وفيكم عين,1
لكم به,1
والفقير والا,1
والا اتيناكم,1
اتيناكم فيما,1
فيما لا,1
لا قبل,1
قبل لكم,1
وقد اول,1
عنكم وفيكم,1
من الخيل,1
الخيل والجنود,1
والجنود ثم,1
ثم لا,1
لا ننصرف,1
ننصرف عنكم,1
يركبه الملك,1
معدلا حنطه,1
وعدموا القوت,1
وشال فهلا,1
وصل مع,1
كفرح واتغبه,1
واتغبه غيره,1
الصلح وكان,1
غيره التلب,1
حديث الصلح,1
في حديث,1
المراسله في,1
ووقعت المراسله,1
دمشق ووقعت,1
التلب الخسار,1
العسكر الي,1
من العسكر,1
وقفز جماعه,1
القوت وقفز,1
مع اتابك,1
اتابك بعض,1
بعض اولاد,1
محاصر مقيم,1
الغربي كرا,1
الملك واخر,1
واخر يركبه,1
يركبه الوزير,1
الوزير وكان,1
قد استتر,1
استتر عند,1
اولاد السلطان,1
وهو محاصر,1
عند الوزير,1
الوزير اصحاب,1
والجوع والعيب,1
والعيب تغب,1
تغب كفرح,1
يساوي درهما,1
مواشيهم والبلا,1
دينارا يساوي,1
عنه عاملها,1
الاردب المصري,1
القمح الاردب,1
فبلغ القمح,1
حولها فبلغ,1
وما حولها,1
وبمكه وما,1
بالحجاز وبمكه,1
الغلا بالحجاز,1
ما قال,1
وماتين علي,1
تخذ الا,1
الا بوكس,1
انه في,1
ذلك انه,1
ومن ذلك,1
المصري ماتين,1
ماتين واربعين,1
واربعين درهما,1
قيل رديه,1
مزجاه قيل,1
بلغت منهم,1
السمن بلغت,1
ان السمن,1
قيل ان,1
تلاشت حتي,1
والاسمان تلاشت,1
درهما واما,1
بالكليه والاسمان,1
فعدم بالكليه,1
التمر فعدم,1
رديه لا,1
لا تخذ,1
واما التمر,1
عاملها ومن,1
ورحل عنه,1
فامرهم بالخروج,1
العيوب كشاف,1
النهوض لدفعه,1
يستطيع النهوض,1
لا يستطيع,1
قاعد لا,1
وهو قاعد,1
ولده وهو,1
وياكل ولده,1
رزقكم قيل,1
الشخص وياكل,1
بيت الشخص,1
يدخل بيت,1
الكلب يدخل,1
بقي الكلب,1
حتي بقي,1
ودام سنين,1
لدفعه مما,1
مما رزقكم,1
مما به,1
اقول لمن,1
وساتر العيوب,1
ويقول في,1
بوكس وقيل,1
وقيل قليله,1
وتاييد ويقول,1
لمن يشكو,1
وقيل انه,1
فكلوا مما,1
الجوع وقيل,1
شده الجوع,1
قليله وقيل,1
وقيل كانت,1
والجوع بدعا,1
وسلم فكلوا,1
عمر فامرهم,1
بالخروج الي,1
الله دينارا,1
اي لا,1
واكثر من,1
دنانير واكثر,1
اربعه دنانير,1
المحطه اربعه,1
في المحطه,1
الزيدي في,1
فبلغ الزيدي,1
شديد فبلغ,1
وصلت اليه,1
اي وصلت,1
اليه اي,1
خلصت اليه,1
يقال خلصت,1
اليك يقال,1
يوصل اليك,1
ذلك وخلا,1
وخلا كثير,1
من اهلها,1
الغلا وصار,1
والبلا الذي,1
المقتدر رحمه,1
ايام المقتدر,1
يساوي في,1
كان يساوي,1
وصار ما,1
وعم القحط,1
اهلها وماتوا,1
الاثمان وعم,1
بارخص الاثمان,1
الاطيان بارخص,1
وابتيعت الاطيان,1
جوعا وابتيعت,1
وماتوا جوعا,1
لا يوصل,1
ابدا اي,1
الاستسقا فصلي,1
اليك ابدا,1
وحده وعجاف,1
هذا وحده,1
وجنا ببضاعه,1
الا في,1
اسنت الا,1
ولا يقال,1
الشديده ولا,1
السنه الشديده,1
اصابتهم السنه,1
اذا اصابتهم,1
القوم اذا,1
اسنت القوم,1
ببضاعه مزجاه,1
طرف رداه,1
بين طرف,1
وعجاف من,1
من العجف,1
العجف وهو,1
يازم اذا,1
يخلص اليك,1
لا يخلص,1
والله لا,1
وقوله والله,1
اشتد وقوله,1
اذا اشتد,1
يازم وازم,1
وهو الهزال,1
اصابهم وجنا,1
يقال وازم,1
عبد احيحه,1
وقوله عبد,1
والضعف وقوله,1
الهزال والضعف,1
ناين وشال,1
عزره بنيسابور,1
فهلا الخمسه,1
الكر فقال,1
مولاه فقال,1
اتاه مولاه,1
انه اخرج,1
فيقال انه,1
من الاعيان,1
بدمشق خلق,1
توفي بدمشق,1
بدمشق وفيها,1
داره بدمشق,1
والفاحشه داره,1
والخمور والفاحشه,1
الامر والخمور,1
وتفاقم الامر,1
الجيف وتفاقم,1
واكلت الجيف,1
من الكر,1
كرين قال,1
يحج ركب,1
قال واخبرت,1
ان تصل,1
النواحي ان,1
من النواحي,1
الغلات من,1
منعوا الغلات,1
ومنسا منعوا,1
القرمطي ومنسا,1
لان القرمطي,1
الغلا لان,1
امتلات فلم,1
مات امتلات,1
يوم مات,1
الجسور يوم,1
ان الجسور,1
واخبرت ان,1
درهم واكلت,1
في فيها,1
فيها لتاكل,1
لتاكل فنادي,1
الصدوق العبد,1
البغدادي الصدوق,1
حسنون البغدادي,1
بن حسنون,1
النرسي احمد,1
تحته حمارا,1
نصر النرسي,1
ابو نصر,1
وفيها ابو,1
والحمر وفيها,1
الكلاب والحمر,1
وفيها اقبل,1
نسمه وفيها,1
الاف نسمه,1
عشره الاف,1
العبد الصالح,1
الصالح روي,1
المفرط بل,1
علي البغدادي,1
وست ماه,1
بالف وست,1
بدمشق بالف,1
الغراره بدمشق,1
ابيعت الغراره,1
حتي ابيعت,1
محمد عبد,1
بل وقبلها,1
ابي محمد,1
الابنوسي احمد,1
بن الابنوسي,1
الحسن بن,1
سنوات بافريقيه,1
وقبلها سنوات,1
تصل ولم,1
ركب العراق,1
بالزورا ثم,1
التبن كل,1
البلا حتي,1
قال فقال,1
الغلا وعظم,1
حواليه اثني,1
فرايت حواليه,1
اللحم فرايت,1
يقطعن اللحم,1
الجواري يقطعن,1
لهم اذا,1
والسنانير ولقد,1
ففقد الكلاب,1
والكلاب ففقد,1
والسنانير والكلاب,1
الميته والسنانير,1
والجزيره جميعها,1
ابيع التبن,1
كل اوقيه,1
العراق وفي,1
اوقيه بقرطاس,1
السلام فشكوا,1
فشكوا ذلك,1
ذلك اليه,1
اليه وطلبوا,1
وطلبوا اليه,1
اليه ان,1
المظفر ابن,1
ابو المظفر,1
قال ابو,1
ان يستسقي,1
العقيبه قال,1
يستسقي لهم,1
احرقت العقيبه,1
ثم احرقت,1
بقرطاس ثم,1
بالموصل والجزيره,1
درهم لكانوا,1
عندهم الف,1
بلغت عندهم,1
الفرنج وجا,1
قمحا وحمله,1
بها قمحا,1
وقيمته الف,1
عروضها وقيمته,1
الجند والفرسان,1
اليه الجند,1
فتسلل اليه,1
الغداه مضيت,1
مضيت فلما,1
الموصل فتسلل,1
علي الموصل,1
منس علي,1
غلب منس,1
صفر غلب,1
وجا الشتا,1
الشتا وانقطعت,1
وانقطعت ماده,1
كانوا يجلبون,1
الغراره بلغت,1
لان الغراره,1
اذا صليت,1
الغلات لان,1
اليهم الغلات,1
يجلبون اليهم,1
الجهال كانوا,1
صليت الغداه,1
بعض الجهال,1
ان بعض,1
ولولا ان,1
لهيجه ولولا,1
البحر لهيجه,1
ماده البحر,1
وسبوا عشره,1
وبدعوا وسبوا,1
حلب وبدعوا,1
السنون فلاهل,1
قتاده اما,1
الغرق والسند,1
بالافات قال,1
الغلات بالافات,1
واتلاف الغلات,1
يعني واتلاف,1
الثمرات يعني,1
سنه ونقص,1
وجل قل,1
الله عز,1
فقال الله,1
لهم فقال,1
يتضرعوا نحونا,1
والسند من,1
من الهند,1
اما السنون,1
من الغرق,1
اعمال حلب,1
فلاهل البوادي,1
بالغزو والجهاد,1
يفتنون بالغزو,1
قتاده يفتنون,1
الثالث قال,1
والجوع الثالث,1
قال بستان,1
بلوناهم كما,1
تعالي انا,1
وبلخ من,1
الامصار لعلهم,1
فلاهل الامصار,1
الثمرات فلاهل,1
نقص الثمرات,1
واما نقص,1
البوادي واما,1
الهند والهند,1
والهند من,1
من تبت,1
تبت وتبت,1
وهم علي,1
ذهبوا وهم,1
وان ذهبوا,1
والخزي وان,1
ثم الجور,1
الجور وقتل,1
وقتل اهل,1
اهل بيتي,1
بيتي الظما,1
الظما بالزورا,1
فان تخلفوا,1
الجهاد فان,1
او الجهاد,1
بالغزو او,1
قتاده بالغزو,1
علي حاله,1
حاله النفاق,1
النفاق عرضوا,1
وصاغان وكرمان,1
وتبت من,1
من الصين,1
الصين وبذشجان,1
متحيرون ايسون,1
مبلسون متحيرون,1
وبذشجان وصاغان,1
وكرمان وبعض,1
عرضوا انفسهم,1
وبعض الشام,1
الشام بسنابك,1
بسنابك الخيل,1
شديد ثم,1
للقتل واموالهم,1
انفسهم للقتل,1
والجهاد فانه,1
فانه تعالي,1
تعالي امر,1
الدوله بن,1
واكلت الميته,1
بكر واكلت,1
القرطبي احمد,1
ومكه من,1
من الحبشه,1
جعفر القرطبي,1
ابو جعفر,1
الموتي وفيها,1
الوبا وعظم,1
وشرع الوبا,1
الاقولت وشرع,1
وعدمت الاقولت,1
واعمالها وهرب,1
حلب واعمالها,1
حمدان حلب,1
وكان اهل,1
اهل بغداد,1
بغداد في,1
وفيها وصلت,1
علي اعمال,1
فاغارت علي,1
الروم فاغارت,1
وصلت الروم,1
حمارا قمر,1
قمر خطوه,1
الجيف وفيها,1
والوبا ببغداد,1
واكلوا الجيف,1
دنانير واكلوا,1
وعشره دنانير,1
والجوع ومكه,1
متين وعشره,1
الكر متين,1
بن حمدان,1
سيف الدوله,1
امر الغزو,1
الحبشه والبصره,1
عباس رضي,1
عكرمه عن,1
روي عكرمه,1
القيامه روي,1
انه يوم,1
الثاني انه,1
والقول الثاني,1
بدر والقول,1
القبيح وان,1
والذكر القبيح,1
والخزي والذكر,1
ان تخلفوا,1
فهم ان,1
والجهاد فهم,1
الغزو والجهاد,1
تعالي عنهما,1
عنهما انه,1
عنه بالناس,1
وقد زاد,1
تملك سيف,1
وفيها تملك,1
الصرع وفيها,1
به الصرع,1
زاد به,1
والبصره وبلخ,1
بغداد وقد,1
ابن بويه,1
توزون الي,1
ورد توزون,1
الاهواز ورد,1
الي الاهواز,1
فرد الي,1
بويه فرد,1
عليهما السلام,1
داود عليهما,1
بن داود,1
الفرنج من,1
ببعرين فقصده,1
ونزل ببعرين,1
المنصور ونزل,1
الملك المنصور,1
حماه الملك,1
صاحب حماه,1
سار صاحب,1
وفيها سار,1
الميره وفيها,1
عكا الميره,1
عن عكا,1
العادل عن,1
يقطع العادل,1
لا يقطع,1
وخافوا لا,1
فقصده الفرنج,1
من حصن,1
وتسعين وخمسماه,1
حصن الاكراد,1
والميزان فالف,1
الكيل والميزان,1
في الكيل,1
اصابهم الي,1
والتطفيف في,1
والاحتكار والتطفيف,1
والحيل والاحتكار,1
والخداع والحيل,1
الغش والخداع,1
الي الغش,1
الي ملكهم,1
وعمد الناس,1
الغلا وعمد,1
وطرابلس وغيرها,1
الاكراد وطرابلس,1
بعكا وخافوا,1
والقحط بعكا,1
والقحط المفرط,1
فافتتحها ثم,1
المفرط والعدم,1
فامرهم بالاستسقا,1
رابع عشر,1
وفي رابع,1
القضاه وفي,1
قضا القضاه,1
وقلد قضا,1
الحلي وقلد,1
سلمان الحلي,1
بن سلمان,1
ابي الحسن,1
علي ابي,1
ببغداد علي,1
خلع ببغداد,1
المحرم خلع,1
والعدم قلت,1
قلت حدثني,1
حدثني شيخنا,1
الكامل ابن,1
امد فافتتحها,1
بنواحي امد,1
قلاع بنواحي,1
الي قلاع,1
غازي الي,1
ابن غازي,1
سار الملك,1
شيخنا تاج,1
ملكهم فامرهم,1
قال سار,1
الفارقي قال,1
الكريم الفارقي,1
محمود بن,1
الدين محمود,1
فالف العلما,1
العلما بسبب,1
بسبب ذلك,1
وقتل ودي,1
المياسير حتي,1
من المياسير,1
وافقر جماعه,1
يحيي وافقر,1
بن يحيي,1
القاد علي,1
ابن القاد,1
الله ابن,1
وعبد الله,1
من المسلمين,1
شديد فشكت,1
العلوي وعبد,1
علي العلوي,1
هشام بن,1
القاضي هشام,1
حتي احتاجوا,1
عندهم وصاروا,1
وصاروا محصورين,1
اول ذي,1
من المراكب,1
المراكب التي,1
التي في,1
في بحر,1
بحر المحله,1
ذي الحجه,1
اخذوا في,1
محصورين ثم,1
ثم اخذوا,1
المحله سبع,1
سبع حراريق,1
حراريق ونجا,1
ونجا من,1
كان بها,1
ودي القاضي,1
الجلب وقتل,1
ذلك الملفات,1
لانقطاع الجلب,1
والمحتكرين من,1
المطففين والمحتكرين,1
ايدي المطففين,1
علي ايدي,1
الرعيه ما,1
والضرب علي,1
الغلا والضرب,1
حلا اسلاميا,1
المشكله حلا,1
ما اصابهم,1
هذه المشكله,1
حل هذه,1
في حل,1
ليشاركوا في,1
الملفات ليشاركوا,1
ذلك ما,1
ما كتبه,1
كتبه شيخ,1
تيميه رحمه,1
بالمدينه لانقطاع,1
الغلا بالمدينه,1
الحسبه في,1
كتاب الحسبه,1
في كتاب,1
الله في,1
ابن تيميه,1
شيخ الطوفي,1
الاسلام ابن,1
شيخ الاسلام,1
عمره شيخ,1
وابن عمره,1
الطوفي وابن,1
فشكت الرعيه,1
وخمسماه في,1
الشراه سنه,1
ابن الجوزي,1
الوبا ولله,1
بالرخص وذهاب,1
الاخبار بالرخص,1
فوصلت الاخبار,1
مصر فوصلت,1
واما مصر,1
شيا واما,1
تناقص شيا,1
ثم تناقص,1
بدرهم ثم,1
عشر اواق,1
الخبز عشر,1
درهما وبيع,1
وثمانين درهما,1
ماه وثمانين,1
بلغت الغراره,1
وذهاب الوبا,1
يوما مجلس,1
ببلاد الشراه,1
فحضر يوما,1
الخراب يستولي,1
فجعلوا يستسقون,1
يستسقون ويتقربون,1
ويتقربون بقربانهم,1
بقربانهم التي,1
التي يعتادونها,1
يعتادونها في,1
في ملتهم,1
ملتهم وذبحوا,1
وذبحوا انواع,1
انواع الحيوان,1
الحيوان من,1
من البقر,1
البقر والغنم,1
والغنم والحمير,1
بدمشق حتي,1
لك الاخلاص,1
ومنا لك,1
ذخر ومنا,1
وقصد بغداد,1
منها وقصد,1
فخرج منها,1
الغلا فخرج,1
ان ياذن,1
عشر بنات,1
له عشر,1
ياذن له,1
في ان,1
عهد سليمان,1
سليمان بن,1
كان له,1
رجلا كان,1
فحكي ان,1
الجوزي فحكي,1
بغداد طالبا,1
طالبا للانجاد,1
للانجاد وللشهاب,1
اولاك نعمته,1
سيفه ذخر,1
يا سيفه,1
للاسلام يا,1
لانك للاسلام,1
الشكر لانك,1
نعمته الشكر,1
لمن اولاك,1
وللشهاب محمود,1
المرتضي وساله,1
علينا لمن,1
الله علينا,1
ابقاه الله,1
وساله ان,1
محمود ابقاه,1
سار الاقليم,1
الاقليم حتي,1
ابيع الكلب,1
اميرها فقتلوه,1
دمشق وخرج,1
عليه الي,1
خوفا عليه,1
طبريه خوفا,1
من طبريه,1
العثماني من,1
المصحف العثماني,1
طغتكين المصحف,1
الاتابك طغتكين,1
نقل الاتابك,1
وفيها نقل,1
البلا وفيها,1
الدفن وعظم,1
عن الدفن,1
فجا علي,1
الناس لتلقيه,1
لتلقيه فاقره,1
بافريقيه وعظم,1
بالخاتون ابنه,1
المفرط ببلاد,1
انر وارسلت,1
الدين انر,1
معين الدين,1
الاتابك معين,1
ابنه الاتابك,1
الدين بالخاتون,1
البلا بهم,1
نور الدين,1
الملك نور,1
تزوج الملك,1
بعضا وفيها,1
العام حتي,1
هذا العام,1
فقتلوه فجا,1
التركي اميرها,1
المفرط باليمن,1
منجور التركي,1
ثلاثين الفا,1
في ثلاثين,1
البيره في,1
علي البيره,1
التتار علي,1
نزلت التتار,1
الاخره نزلت,1
شهر جمادي,1
بالاستسقا فجعلوا,1
وستماه في,1
وسبعين وستماه,1
اربع وسبعين,1
الميتات سنه,1
اكلوا الميتات,1
باليمن حتي,1
الفا واكثرهم,1
واكثرهم من,1
من عسكر,1
وفيها اغارت,1
لحربهم منجور,1
فخرج لحربهم,1
حمص فخرج,1
علي حمص,1
الاعراب علي,1
اغارت الاعراب,1
دينارا وفيها,1
عسكر الروم,1
وخمسين دينارا,1
ببغداد ماه,1
كر الحنطه,1
وبلغ كر,1
والعراق وبلغ,1
في الحجاز,1
وقال قتاده,1
الجباي بالايه,1
الخمسه بانطاكيه,1
فضجر الناس,1
بسبعين درهما,1
المكوك بسبعين,1
والكيل وزياده,1
والحنطه المكوك,1
درهما والحنطه,1
اربعين درهما,1
الي اربعين,1
الملح الي,1
من الملح,1
المكوك من,1
وبلغ المكوك,1
بها وبلغ,1
الناس وكتب,1
يحيا الناس,1
حتي يحيا,1
درهما فضجر,1
الناس وضاقت,1
تطفيف في,1
وضاقت بهم,1
والكلاب وفي,1
في الوزن,1
اكل الميته,1
من اكل,1
فراغهم من,1
بعد فراغهم,1
بعضا بعد,1
بابا من,1
وغيرهم بابا,1
الحاكه وغيرهم,1
العامه الحاكه,1
ففتح العامه,1
الحيله ففتح,1
الوزن والكيل,1
بهم الحيله,1
واللبن حتي,1
السمن واللبن,1
يذوق السمن,1
لا يذوق,1
الفرصه ونقض,1
رجار الفرصه,1
وزياده في,1
فاغتنم رجار,1
الموتان فاغتنم,1
وكثر الموتان,1
بعضا وكثر,1
بصقليه واكل,1
اهلها بصقليه,1
اكثر اهلها,1
ولحق اكثر,1
وثلاثين ولحق,1
بافريقيه سنه,1
اشتد بافريقيه,1
وانما يحمد,1
ونقض الصلح,1
الصلح الذي,1
كان بينه,1
طاعون اتي,1
عمر لا,1
وحلف عمر,1
الناس وحلف,1
جميع الناس,1
علي جميع,1
اتي علي,1
مع طاعون,1
بينه وبين,1
بمثله مع,1
العهد بمثله,1
بعد العهد,1
جوعا بعد,1
اعقب جوعا,1
وجدب اعقب,1
خمس وتسعين,1
وتسعين توفي,1
احتج الجباي,1
غلا ابن,1
منها في,1
يخرج منها,1
وانه يخرج,1
الميته وانه,1
الكلاب الميته,1
اكل الكلاب,1
طرسوس الي,1
باهل طرسوس,1
الامر باهل,1
قد ال,1
وانه قد,1
اقوات وانه,1
تبق اقوات,1
لم تبق,1
من الثغور,1
يوم ثلاثماه,1
ثلاثماه جنازه,1
توفي المستعلي,1
جنازه فانصرف,1
البلدان ورحل,1
بذلك الغلا,1
المدينه وغيرها,1
شده الغلا,1
الغلا فيقال,1
مجاورا بها,1
كان مجاورا,1
فيقال غلا,1
مكه من,1
عن مكه,1
فاجلي عن,1
الاسلام فاجلي,1
عما كان,1
رايه عما,1
فانصرف رايه,1
وانتقل قوم,1
والحشيش وانتقل,1
الرطبه والحشيش,1
الناس الرطبه,1
واحد جماعه,1
يدفن في,1
الحشيش وكثر,1
الناس الحشيش,1
في فمها,1
فمها لتاكلها,1
من الدقيق,1
الكر من,1
لتاكلها فنادي,1
والقحط والحيف,1
والحيف تطفيف,1
العلوي المصري,1
الخليفه العلوي,1
بالله الخليفه,1
المستعلي بالله,1
غير غسل,1
بانطاكيه وورد,1
وورد الخبر,1
الثغور حتي,1
الخبز واكل,1
علي الخبز,1
احد علي,1
يقدر احد,1
لم يقدر,1
حتي لم,1
وجميع الثغور,1
الطقطقي نسب,1
بانطاكيه وجميع,1
اشتد بانطاكيه,1
الغلا اشتد,1
ابن الطقطقي,1
بان الغلا,1
الخبر بان,1
العمران وانما,1
اهل العمران,1
بين اهل,1
يصلوا به,1
الي بيوتهم,1
بيوتهم حتي,1
والقحط فقال,1
وابا حامد,1
القشيري وابا,1
القاسم القشيري,1
ابا القاسم,1
الاستاذ ابا,1
سمع الاستاذ,1
بنيسابور سمع,1
الحجه من,1
حتي يتسوس,1
يتسوس وينتن,1
وينتن ويفسد,1
باب عزره,1
به الي,1
لم يصلوا,1
المتقرره بين,1
وقبضوه لم,1
كانت هذه,1
هذه حال,1
اهل الشام,1
الشام ثم,1
ثم تنفرج,1
تنفرج عليهم,1
عليهم الضاقه,1
والجوع فكان,1
فكان الطعام,1
الطعام يجلب,1
يجلب اليهم,1
كل ناحيه,1
ناحيه فاذا,1
فاذا اشتروه,1
اشتروه وقبضوه,1
يسكن باب,1
السيره يسكن,1
ويفسد فيذهب,1
سديد السيره,1
اشترا الطعام,1
علي اشترا,1
الناس علي,1
اموالهم ولا,1
ولا يجعل,1
فتواقع الناس,1
السعر فتواقع,1
زاد السعر,1
الشعير زاد,1
جا الشعير,1
وكلما جا,1
وسبعين وكلما,1
اول سنه,1
وقال الجباي,1
بانطاكيه وقال,1
الطعام فاغتبط,1
فاغتبط من,1
من يستعد,1
ابو الفتوح,1
صالح سديد,1
شيخ صالح,1
الشاذياخي شيخ,1
الشاه الشاذياخي,1
بن الشاه,1
الفتوح عبد,1
وابنه ابو,1
يستعد كل,1
والقحط وابنه,1
فخرج بالناس,1
فيذهب اموالهم,1
بزرع ما,1
سنه بزرع,1
كل سنه,1
ناصريه كانت,1
فضه ناصريه,1
درهما فضه,1
الافرنج وبلغت,1
المفرط ايضا,1
صيدا علي,1
ومن صيدا,1
اسامه ومن,1
صاحبها اسامه,1
يد صاحبها,1
علي يد,1
بيروت علي,1
من بيروت,1
البلدان من,1
وهو الذي,1
يحمل اليهم,1
كان يحمل,1
مع ما,1
صوري مع,1
ايضا وانما,1
وانما معاش,1
معاش الناس,1
الاسواق وعلم,1
العواد المتقرره,1
الي العواد,1
يرجع الي,1
في السعر,1
ذلك يرجع,1
وعلم ذلك,1
حواله الاسواق,1
الناس وكسبهم,1
وسرعه حواله,1
ذلك وسرعه,1
السعر وهو,1
التوسط من,1
في التوسط,1
وكسبهم في,1
الذي عبر,1
علي الافرنج,1
درهم وخمسين,1
كان لمولاه,1
فقال ذلك,1
عنه بالتحكم,1
بالتحكم وقد,1
وقد نهي,1
نهي رسول,1
واله عن,1
عن الاحتكار,1
الغلا وبلغت,1
الغراره في,1
في ثاني,1
ثاني عشر,1
عشر ذي,1
القعده الفا,1
الفا وماتي,1
وماتي درهم,1
ذلك المملوك,1
المملوك وما,1
وما علي,1
ما نحتاج,1
وقال ان,1
شقيق وقال,1
فانتبه شقيق,1
اليه فانتبه,1
نحن اليه,1
نحتاج نحن,1
عبر عنه,1
علي من,1
عليه منها,1
يدخل عليه,1
خالصه يدخل,1
قريه خالصه,1
ولمولاي قريه,1
ذلك ولمولاي,1
عنها العامل,1
العامل الذي,1
في جمادي,1
اخبرنا الحريري,1
ابو موسي,1
الفرابي اخبرنا,1
عمرو الفرابي,1
ابو عمرو,1
الجنه اخبرنا,1
عن امراه,1
الحب عن,1
فانقطع الحب,1
السلام فانقطع,1
فاجري له,1
يوسف عليه,1
سني يوسف,1
مصر سني,1
من مصر,1
يمتارون من,1
موسي اخبرنا,1
الحريري حدثنا,1
المصريه رسول,1
حدثنا فارس,1
فيها المكان,1
لان فيها,1
مقدسه لان,1
سميت مقدسه,1
وقيل سميت,1
قاله مجاهد,1
ذلك قاله,1
والجوع وغير,1
حدثنا محمد,1
محمد حدثنا,1
صالح بن,1
حدثنا صالح,1
عمر حدثنا,1
بن عمر,1
فارس بن,1
وكانوا يمتارون,1
طويلا وكانوا,1
زمنا طويلا,1
زرع زمنا,1
وثلاثه ارطال,1
درهما وثلاثه,1
وسبعين درهما,1
والشعير وسبعين,1
نقره والشعير,1
دراهم نقره,1
وخمسه دراهم,1
ماه وخمسه,1
فبلغ الاردب,1
واعمالها فبلغ,1
بمصر واعمالها,1
شديد وشرع,1
الدين حسن,1
جمال الدين,1
يدعي جمال,1
ارطال خبز,1
خبز بالمصري,1
بالمصري بدرهم,1
حتي عدم,1
باليمن زرع,1
يزرع باليمن,1
فلم يزرع,1
وانقطع فلم,1
الحب وانقطع,1
عدم الحب,1
وجدب حتي,1
بدرهم نقره,1
فصلي ركعتين,1
وهو ماه,1
بالمصري وهو,1
اللحم بالمصري,1
ورطل اللحم,1
نقره ورطل,1
المكان الذي,1
الذي يتقدس,1
يتقدس فيه,1
رجلا يهوديا,1
الشقاق نفاق,1
نفاق الملوك,1
الملوك وملك,1
وملك العجم,1
العجم فاذا,1
فاذا ملكتكم,1
ملكتكم الترك,1
الترك فعليكم,1
فعليكم باطراف,1
باطراف البلاد,1
البلاد وسواحل,1
وسواحل البحار,1
البحار والهرب,1
والهرب الهرب,1
شديد وان,1
والضرا الامراض,1
الامراض والاوجاع,1
والاوجاع والرزايا,1
ضراعه فهو,1
ثم الشقاق,1
ضعيف احتج,1
ذليل ضعيف,1
اي ذليل,1
ضارع اي,1
فهو ضارع,1
الرجل ضراعه,1
والرزايا لعلهم,1
ضرع الرجل,1
التمرد ضرع,1
وترك التمرد,1
الانقياد وترك,1
واصله الانقياد,1
ويتخشعون واصله,1
وان رجلا,1
يهوديا توصل,1
فيه من,1
توصل في,1
وهذا مروي,1
وسلم وهذا,1
بدعا رسول,1
اصابهم بدعا,1
فاذن له,1
ويتطهر ومعني,1
له فاجري,1
يتوضا ويتطهر,1
لانه يتوضا,1
قدس لانه,1
للسطل قدس,1
قيل للسطل,1
ومنه قيل,1
الذنوب ومنه,1
من الذنوب,1
فاستاذن فاذن,1
مروي عن,1
عن بن,1
دليل علي,1
في تحصيل,1
فحضر مجلس,1
المرتضي ليقرا,1
ليقرا عليه,1
عليه النجوم,1
ذلك روي,1
الايه دليل,1
بن عباس,1
النجوم فاستاذن,1
نزول الايه,1
وسبب نزول,1
جريج وسبب,1
وابن جريج,1
عباس وابن,1
رسول يدعي,1
الديار المصريه,1
جمادي الاولي,1
كلبا مشويا,1
رجل ياكل,1
شوهد رجل,1
حتي شوهد,1
الي واسط,1
فسانجس الي,1
ابن فسانجس,1
وعاد ابن,1
دانق وعاد,1
بنصف دانق,1
رطل بنصف,1
الخبز رطل,1
المعسكر فبيع,1
في المعسكر,1
وزاد ذلك,1
دينارا وزاد,1
ياكل كلبا,1
مشويا في,1
الي الديار,1
في الجامع,1
ودخل اهل,1
والقحط ودخل,1
واكله مضي,1
ذبحه واكله,1
قد ذبحه,1
يد صبي,1
عنقه يد,1
وفي عنقه,1
الاسواق وفي,1
في الاسواق,1
بالاعراض ثم,1
به في,1
يطاف به,1
وانسان يطاف,1
الجامع وانسان,1
وتسعين دينارا,1
ماه وتسعين,1
الحنطه ماه,1
بلغ الكر,1
الدقيق الخشكار,1
كاره الدقيق,1
فبلغت كاره,1
بالاملاك وكان,1
الغلا فبلغت,1
وكان يضرب,1
واحد بلا,1
دفن جماعه,1
حتي دفن,1
والحشيش وكثر,1
الكر الدقيق,1
وزاد وبلغ,1
الاولي وزاد,1
يضرب المثل,1
المثل بذلك,1
الخشكار سته,1
دنانير ونصف,1
ونصف ذكر,1
احمد ابو,1
الافاق حتي,1
جميع الافاق,1
الغلا جميع,1
ثم بالاملاك,1
سعد الصيرفي,1
ابو سعد,1
الجبار بن,1
ذكر من,1
عبد الجبار,1
الاكابر احمد,1
من الاكابر,1
السنه من,1
توفي هذه,1
من توفي,1
اهل القري,1
القري والرساتيق,1
والرساتيق الي,1
الغلا بالشام,1
وشرع النقيب,1
النقيب تاج,1
باربع ماه,1
القمح باربع,1
والغراره القمح,1
دراهم والغراره,1
وبسبعه دراهم,1
الدين في,1
في بيع,1
دراهم وبسبعه,1
بسته دراهم,1
بالدمشقي بسته,1
اللحم بالدمشقي,1
الرطل اللحم,1
فابيع الرطل,1
درهما والشعير,1
والشعير بماتي,1
بماتي وخمسين,1
الجوع بحلب,1
واضح علي,1
اولها وصل,1
في اولها,1
وغيرهما وفيها,1
وحماه وغيرهما,1
بحلب وحماه,1
ومات خلق,1
درهما والمكوك,1
الاصناف ومات,1
جميع الاصناف,1
في جميع,1
بحماه وبحلب,1
القمح بحماه,1
والمكوك القمح,1
بالشام فابيع,1
عددا بالدراهم,1
بغداد لكونهم,1
بيع الغلات,1
ثم بالاعراض,1
كر حنطه,1
الغربي كر,1
وهو مقيم,1
القضا ابو,1
وتقلد القضا,1
الزينبي وتقلد,1
القضاه الزينبي,1
قاضي القضاه,1
وتوفي قاضي,1
وجوعا وتوفي,1
عريا وجوعا,1
فهلكوا عريا,1
نهبوا فهلكوا,1
لكونهم نهبوا,1
حنطه بعشره,1
بعشره الاف,1
بالاموال ثم,1
بالهند وان,1
الغلات فباع,1
لتباع عددا,1
الحبوب لتباع,1
من الحبوب,1
الحب من,1
وان الحب,1
فباع بالاموال,1
الاف درهم,1
رايتني بالهند,1
تشكون الجوع,1
فقال تشكون,1
ومجاعه فاعطي,1
المال وكانت,1
تسلمت المال,1
علي ان,1
عنهم القحط,1
دليل واضح,1
لذين زعمتم,1
ابن الخطيب,1
القيامه قال,1
انهن يوم,1
الثاني انهن,1
بدر الثاني,1
انها الهه,1
زعمتم انها,1
دعوا لذين,1
وهذا القول,1
للمشركين دعوا,1
واستغاثوا بالنبي,1
والجيف واستغاثوا,1
ثم عادوا,1
الانصاري ثم,1
الدين الانصاري,1
القاضي شرف,1
الخطيب وهذا,1
القول اصح,1
للمتقين عند,1
وهذا مصداق,1
تعالي ان,1
وقال تعالي,1
بالزكاه وقال,1
اموالكم بالزكاه,1
حصنوا اموالكم,1
وسلم حصنوا,1
مصداق قوله,1
الدنيا وهذا,1
اصح لان,1
في الدنيا,1
الازمه في,1
وشده الازمه,1
والجوع وشده,1
لا يبلغ,1
بدر لا,1
لان يوم,1
ابن القاضي,1
زرعه ابن,1
ابو زرعه,1
الله شرف,1
في ذي,1
ولد في,1
الدين ولد,1
بن تاج,1
الطيب بن,1
ابو الطيب,1
الدين ابو,1
نصر الله,1
الثاني ابو,1
بن نصر,1
المفرط محمد,1
ودخل مدلج,1
قرقماس ودخل,1
فانهزم قرقماس,1
نعير فانهزم,1
ابن علي,1
القعده سنه,1
سبع وتسعين,1
وتسعين ونشا,1
ونشا في,1
اليوم الثاني,1
فخطب بهم,1
رجب فخطب,1
شهر رجب,1
فاستسقوا في,1
الاستسقا فاستسقوا,1
فخرجوا الي,1
فيها فخرجوا,1
اشتد فيها,1
منزله وهو,1
انحطاط منزله,1
اعيد وحصل,1
الميد اعيد,1
وفي مرض,1
الصحبه وفي,1
ان للمتقين,1
عند ربهم,1
قاده بمكه,1
دحيه بن,1
يحتاجون اليه,1
ما يحتاجون,1
بكل ما,1
ياتيهم بكل,1
الكلبي ياتيهم,1
خليفه الكلبي,1
بن خليفه,1
وكان دحيه,1
من بر,1
شديد وكان,1
في الوصل,1
اللام في,1
بكسر اللام,1
ادعوا بكسر,1
ويعقوب قل,1
وحمزه ويعقوب,1
اليه من,1
بر وشعير,1
ربهم جنات,1
لكم من,1
عذابه ان,1
ويخافون عذابه,1
رحمته ويخافون,1
ويرجون رحمته,1
اقرب ويرجون,1
ايهم اقرب,1
الوسيله ايهم,1
تحويلا لكم,1
وشعير وغيرهما,1
ليعلم به,1
الطبل ليعلم,1
ضرب الطبل,1
قدم ضرب,1
اذا قدم,1
الشام وكان,1
وغيرهما من,1
عاصم وحمزه,1
قرا عاصم,1
فنزلت قرا,1
والميته و,1
المخزومي فرعون,1
هشام المخزومي,1
بن هشام,1
هو عمرو,1
جهل هو,1
ابو جهل,1
و ابو,1
الجيف والميته,1
لهم فنزلت,1
اكملوا الجيف,1
حتي اكملوا,1
سنه حتي,1
فاخذتهم سنه,1
المفرط فاخذتهم,1
النعيم افنجعل,1
جنات النعيم,1
فرعون هذه,1
هذه الامه,1
الامه و,1
و عليك,1
لك ولا,1
استجيب لك,1
لا استجيب,1
اني لا,1
اليه اني,1
الله اليه,1
اسرانيل فلم,1
ببني اسرانيل,1
يستسقي ببني,1
موسي يستسقي,1
السلام فخرج,1
باهلاكه اي,1
اي باهلاكه,1
به اي,1
عليك به,1
مدلج ابن,1
عمه مدلج,1
ابن عمه,1
ذلك اضعاف,1
فاس وقد,1
حصار فاس,1
الي حصار,1
السعيد الي,1
رجع السعيد,1
مضاعفه ثم,1
اضعاف مضاعفه,1
فارتفع بعد,1
انتهبت الاعمال,1
دينار فارتفع,1
بربع دينار,1
عندهم بربع,1
الاردب عندهم,1
وكان الاردب,1
والتجار فقل,1
والقضاه والتجار,1
وقد انتهبت,1
الاعمال والنواحي,1
نعير علي,1
بمعامله صفد,1
وكزل فانهزم,1
حلب وكزل,1
بين ناب,1
وقعه بين,1
كان وقعه,1
وفيه كان,1
صفد وفيه,1
بشاره بمعامله,1
والنواحي في,1
بن بشاره,1
فساد محمد,1
وكثر فساد,1
ونابلس وكثر,1
بالرمله ونابلس,1
الغلا بالرمله,1
في ربيع,1
الامرا والقضاه,1
بين الامرا,1
الاغنيا ما,1
والفضه وخرج,1
فدعا برفع,1
الازهر فدعا,1
الجامع الازهر,1
الي الجامع,1
بالناس الي,1
البلقيني بالناس,1
وخرج البلقيني,1
الذهب والفضه,1
علي الاغنيا,1
وفرق الذهب,1
الخير وفرق,1
وعمل الخير,1
الصدقات وعمل,1
من الصدقات,1
واكثر السلطان,1
بالقاهره واكثر,1
برفع الغلا,1
الغلا وكانت,1
وكانت ساعه,1
ساعه عظيمه,1
ففرقهم علي,1
بالميدان ففرقهم,1
فاجتمعوا بالميدان,1
بالاجتماع فاجتمعوا,1
الفقرا بالاجتماع,1
في الفقرا,1
الناب في,1
فنادي الناب,1
سبعماه فنادي,1
الي سبعماه,1
ستماه الي,1
من ستماه,1
الغراره من,1
بدمشق وبلغت,1
عظيمه وكان,1
فانهزم كزل,1
كزل وجرح,1
وجرح وجماعه,1
بحلب ثم,1
اوال هذا,1
وفي اوال,1
كثير وفي,1
بشر كثير,1
فمات بشر,1
الطاعون فمات,1
اعقبه الطاعون,1
المفرط بحلب,1
شعبان وقع,1
مصر ان,1
اقليم مصر,1
كاد اقليم,1
حتي كاد,1
البقر حتي,1
في البقر,1
الوبا في,1
هذا السنه,1
السنه اخذ,1
اخذ الفرنج,1
الفرنج سبته,1
بنحسين بن,1
قرقماس بنحسين,1
علي قرقماس,1
اغار علي,1
شوال اغار,1
وفي شوال,1
الكلاب وفي,1
ايديهم وفي,1
في ايديهم,1
كانت في,1
ان كانت,1
المسلمين بعد,1
ايدي المسلمين,1
من ايدي,1
سبته من,1
وقع الوبا,1
وفي شعبان,1
وجماعه من,1
المفرط وفيه,1
القبلي وفي,1
الوجه القبلي,1
لكشف الوجه,1
الجمالي لكشف,1
اقبغا الجمالي,1
اعيد اقبغا,1
وفيه اعيد,1
الوبا المفرط,1
ذراعا وفي,1
واعقبه الوبا,1
الشداد واعقبه,1
منه الشداد,1
حدث منه,1
حتي حدث,1
اصحابه استولي,1
من اصحابه,1
وفي ربيع,1
الاخر نزل,1
نزل بعض,1
بعض المماليك,1
عشرين ذراعا,1
من عشرين,1
اصبعا من,1
عشرين اصبعا,1
الي عشرين,1
وانتهي الي,1
مسري وانتهي,1
ثالث مسري,1
النيل ثالث,1
واوفي النيل,1
بدمشق واوفي,1
المفرط بدمشق,1
الطباق لنهب,1
من الطباق,1
المماليك من,1
ان عذاب,1
الجنه بستان,1
بستان يقال,1
بمايتي دينار,1
مع عدم,1
الغلا مع,1
بستين الامن,1
كان بستين,1
بعد ما,1
دينارا بعد,1
دينار وعشرين,1
الحمل بمايتي,1
وجود ما,1
ابيع الحمل,1
قل بمصر,1
وكان قل,1
الفلفل وكان,1
وجود الفلفل,1
بمكه وجود,1
وعز بمكه,1
عدم وجود,1
ما يشتري,1
بلاد العراق,1
البلقيني ماشيا,1
وفيه لزم,1
الفراش وفيه,1
لزوم السلطان,1
عندهم لزوم,1
خلق لا,1
ومعه خلق,1
ماشيا الي,1
خرج الجلال,1
يشتري من,1
للاستسقا وفيه,1
البلقيني للاستسقا,1
خروج الجلال,1
وخبز خروج,1
ودقيق وخبز,1
قمح ودقيق,1
من قمح,1
الموسم وعز,1
ايام الموسم,1
بمكه في,1
قتال ناب,1
وثار العوام,1
بدمشق وثار,1
حلب يلبغا,1
خرج ناب,1
دلغادر وفيه,1
وابن دلغادر,1
حلب وابن,1
ونصف قتال,1
ونودي بالحج,1
بدينار ونصف,1
اللحم بدينار,1
والرطل اللحم,1
بدينار والرطل,1
الخبز بدينار,1
الرغيف الخبز,1
ابيع الرغيف,1
العوام برجل,1
برجل يعرف,1
يعرف بابن,1
بابن النشو,1
فضه ونودي,1
درهم فضه,1
للاستسقا وصول,1
الناس للاستسقا,1
خروج الناس,1
يوم خروج,1
بالنار وكان,1
وحرقوه بالنار,1
قتله وحرقوه,1
شر قتله,1
فقتلوه شر,1
الغلال فقتلوه,1
يحتكر الغلال,1
كان يحتكر,1
النشو كان,1
لزم السلطان,1
الفراش لمعاوده,1
لمعاوده الم,1
الا يسيرا,1
رمضان كان,1
وفي رمضان,1
المفرط وفي,1
ودام الغلا,1
بل ودام,1
وتعود بل,1
يسيرا وتعود,1
الاسعار الا,1
وارخت هذه,1
تنحط الاسعار,1
لم تنحط,1
حينذ لم,1
ومن حينذ,1
الشراقي ومن,1
بسنه الشراقي,1
ولقبت بسنه,1
كان الغلا,1
في شده,1
شده الافراط,1
الافراط في,1
بمكه وفاه,1
المفرط بمكه,1
الزراعه فعز,1
لاجل الزراعه,1
التقاوي لاجل,1
والي التقاوي,1
الحرث والي,1
لاجل الحرث,1
الابقار لاجل,1
الي الابقار,1
الفلاحين الي,1
واحتاجت الفلاحين,1
اللحوم واحتاجت,1
سيما اللحوم,1
الماكولات سيما,1
السنه ولقبت,1
المملكه وارخت,1
الم رجله,1
صفر خرج,1
شده الطاعون,1
ذلك شده,1
وحصل عليهم,1
بالناس وحصل,1
الغلا بالناس,1
السلطان الي,1
خرج السلطان,1
قرمان وفي,1
هذه المملكه,1
ابن قرمان,1
قاصد ابن,1
وصول قاصد,1
صفر وصول,1
العاده صفر,1
علي العاده,1
رجله علي,1
الطاعون بالبحيره,1
بالبحيره وفيه,1
وفيه ورد,1
ورد الخبر,1
بلاد هذه,1
كل بلاد,1
الغلا كل,1
بعض ظهور,1
بالقاهره بعض,1
ايضا بالقاهره,1
وظهر ايضا,1
الغربيه وظهر,1
بلاد الغربيه,1
وبعض بلاد,1
البحيره وبعض,1
باقليم البحيره,1
الطاعون باقليم,1
بفشا الطاعون,1
الخبر بفشا,1
العراق حتي,1
وعامه بلاد,1
له ضروان,1
والقحط الدره,1
ثانيه مدينه,1
وسكون ثانيه,1
اوله وسكون,1
بكسر اوله,1
ريحا بكسر,1
المضيه ريحا,1
الدره المضيه,1
يقتل ابا,1
قرب بيت,1
المنصور يقتل,1
ه المنصور,1
خلافه المغرب,1
يتولي خلافه,1
بالمنصور يتولي,1
الملقب بالمنصور,1
اسماعيل الملقب,1
مدينه قرب,1
المقدس من,1
ببغداد وعامه,1
والوبا في,1
شديده في,1
ريح شديده,1
هياج ريح,1
ه هياج,1
وسار المغرب,1
برقه وسار,1
في برقه,1
ويقال لها,1
من اعمال,1
فراسخ ويقال,1
خمسه فراسخ,1
المقدس خمسه,1
وبين بيت,1
بالغور بينها,1
الاردن بالغور,1
اعمال الاردن,1
الطاهر اسماعيل,1
ابو الطاهر,1
المغرب ابو,1
ما يتعداه,1
الخبز واقترن,1
وفقد الخبز,1
وسبعين وفقد,1
ثلاث وسبعين,1
وما يسقط,1
المنجل وما,1
يتعداه المنجل,1
ترك ما,1
صاحب المغرب,1
جذه ترك,1
اذا جذه,1
لرجل وكان,1
كان لرجل,1
بفرسخين كان,1
باليمن دون,1
ضروان باليمن,1
واقترن بذلك,1
بذلك وبا,1
عظيم فهلك,1
فهلك فيه,1
الله صاحب,1
القام بامر,1
وفاه القام,1
والبصره وفاه,1
بغداد والبصره,1
في بغداد,1
يعقوب بن,1
وزيره يعقوب,1
علي وزيره,1
يقبض علي,1
بالله يقبض,1
البشر العزيز,1
من البشر,1
عالم من,1
فيه عالم,1
في مصر,1
مصر مع,1
مع رعد,1
الله لها,1
للامام التسعير,1
مالك للامام,1
وقال مالك,1
والقحط وقال,1
المعجمه المكسوره,1
بالغين المعجمه,1
لها بالغين,1
غفر الله,1
لفظ سنين,1
غفار غفر,1
السين غفار,1
وكسر السين,1
والنون وكسر,1
باليا والنون,1
الجمع باليا,1
شذوذان الجمع,1
التسعير عند,1
عند غلا,1
غلا الاقوات,1
الاقوات فان,1
له يبيع,1
انه له,1
عنه انه,1
وقيل عنه,1
يجبروا وقيل,1
فلا يجبروا,1
اصلا فلا,1
البيع اصلا,1
عن البيع,1
يمتنعوا عن,1
ان يمتنعوا,1
الا ان,1
ادبهم الا,1
خالفوا ادبهم,1
فان خالفوا,1
سنين شذوذان,1
وفي لفظ,1
رعد وبرد,1
الموضعين باب,1
حاش وحاشا,1
يوسف حاش,1
الرسول يوسف,1
جاه الرسول,1
فلما جاه,1
قوله فلما,1
باب قوله,1
في الموضعين,1
منه وفي,1
عظيم يسطع,1
كوكب عظيم,1
ظهور كوكب,1
الموضوع ظهور,1
الصفحه الموضوع,1
عظيم الصفحه,1
وبرد عظيم,1
وحاشا لله,1
لله تنزيه,1
تنزيه واستثنا,1
واستثنا اي,1
اشد منه,1
الموت اشد,1
بعد الموت,1
عذاب بعد,1
لا عذاب,1
والجوع اذ,1
لا غير,1
تنزيه لا,1
ايه تنزيه,1
فهي ايه,1
والا فهي,1
استثنا والا,1
يكون استثنا,1
تاره يكون,1
اي تاره,1
الغلا بالقاهره,1
الايه فردهم,1
هذه الايه,1
في ريبع,1
ومعه صبي,1
بعضهم ومعه,1
واخذ بعضهم,1
والسنانير واخذ,1
وصل الروم,1
الاخر وصل,1
ريبع الاخر,1
جدا وفيها,1
شواه لياكله,1
والموت جدا,1
الوبا والموت,1
الميته وكثر,1
الضعفا الميته,1
واكل الضعفا,1
اميري واكل,1
صحيح اميري,1
قد شواه,1
لياكله واكل,1
ودام ذلك,1
وكان شديدا,1
لعدم الاوات,1
البلاد لعدم,1
طمعوا في,1
فلها طمعوا,1
نزولهم فلها,1
قبل نزولهم,1
شديدا قبل,1
الروم وكان,1
الناس خروب,1
علي الروم,1
يسلقون حبه,1
وكانوا يسلقون,1
منه وكانوا,1
فاكثروا منه,1
الشوك فاكثروا,1
خروب الشوك,1
بقيراطين صحيح,1
ارطال بقيراطين,1
اربعه ارطال,1
فسار ابو,1
يدفن الجماعه,1
والوبا وكثر,1
مهتدي هراه,1
بن مهتدي,1
وولي محمد,1
مرو وولي,1
طلحه الي,1
وماتين فسار,1
الخبز اربعه,1
تسع وستين,1
وذلك سنه,1
بها وذلك,1
رافع فاقام,1
ودخلها رافع,1
طلحه ودخلها,1
ففارقها ابو,1
الجماعه في,1
في القبر,1
القبر الواحد,1
الواحد ولا,1
بالعراق وبيع,1
سيما بالعراق,1
لا سيما,1
الغلا لا,1
ما ثمنه,1
بيع ما,1
والاثاث حتي,1
ببغداد والاثاث,1
العقار ببغداد,1
ورخص العقار,1
عليهم ورخص,1
يصلي عليهم,1
ولا يصلي,1
يغسلون ولا,1
ولا يغسلون,1
الاوات عندهم,1
عندهم فلما,1
فلما نزل,1
الغلا بخراسان,1
يصيح الخبز,1
الانسان يصيح,1
فكان الانسان,1
بعضا فكان,1
القوت حتي,1
جميعها وعدم,1
بخراسان جميعها,1
وفيها هب,1
ودفن عند,1
والورع وفيها,1
الزهد والورع,1
في الزهد,1
غايه في,1
وكان غايه,1
احمد وكان,1
قبر احمد,1
الخبز الخبز,1
الخبز ويموت,1
ويموت ثم,1
ثم تبعه,1
وثلاثين وخمسماه,1
كان سنه,1
اوله كان,1
فان اوله,1
ايامه فان,1
ودامت ايامه,1
بافريقيه ودامت,1
حملها الحمال,1
حنطه حملها,1
بها حنطه,1
قيمتها الف,1
عروضا قيمتها,1
عجز الناس,1
حتي عجز,1
تبعه وبا,1
عند قبر,1
الزاهد ودفن,1
نزل الروم,1
الناس فسعر,1
الضروره الي,1
فدعته الضروره,1
البلا فدعته,1
فاشتد البلا,1
الطعام فاشتد,1
السلطان الطعام,1
فسعر السلطان,1
واضطرب الناس,1
الصمد الزاهد,1
بالعراق واضطرب,1
فمات من,1
ايضا فمات,1
الوبا ايضا,1
شده وكثر,1
زاد شده,1
الروم زاد,1
الي ازاله,1
ازاله التسعير,1
التسعير فسهل,1
فسهل الامر,1
عبد الصمد,1
توفي عبد,1
فتنه وفيها,1
وكانت فتنه,1
الجند وكانت,1
وشغب الجند,1
العامه وشغب,1
فضج العامه,1
بالعراق فضج,1
والشام وخراسان,1
الموصل والشام,1
الي الموصل,1
العراق الي,1
من العراق,1
الامر وخرج,1
بها ففارقها,1
دينار ودام,1
وعظم الامر,1
مرات ولم,1
رداه جعل,1
يصلي بهم,1
بالناس يصلي,1
الخطاب رضي,1
بن الخطاب,1
عمر بن,1
ولم يسقوا,1
ثلاث مرات,1
المصريه حتي,1
خرج ثلاث,1
بهم فلم,1
يستسقي بهم,1
اسرايل يستسقي,1
موسي ببني,1
وسلم فخرج,1
موسي رسول,1
جعل اليمين,1
بيع القمح,1
وماه دينار,1
وستين والشعير,1
النحل وضرب,1
تعالي النحل,1
والخبز كل,1
اردب والخبز,1
درهما كل,1
بثمانين درهما,1
والشعير بثمانين,1
ماه وستين,1
القمح كل,1
بلغ ماه,1
تزايد حتي,1
ثم تزايد,1
درهما ثم,1
وعشرين درهما,1
بماه وعشرين,1
اردب بماه,1
القاهره قد,1
اهل القاهره,1
فوجدت حال,1
صاحب جبله,1
عليه ايضا,1
الحصن عليه,1
عرض الحصن,1
بدمشق عرض,1
يومذ بدمشق,1
وهو يومذ,1
جبله وهو,1
كان صاحب,1
السلطانيه فوجدت,1
الطليعه الذي,1
بن الطليعه,1
ابا محمد,1
القاضي ابا,1
وارسل القاضي,1
الاقوات وارسل,1
به وعدم,1
ايضا وهو,1
وهو بدمشق,1
بدمشق ويقول,1
وعم الناس,1
الابواب السلطانيه,1
الي الابواب,1
الاسكندريه الي,1
من الاسكندريه,1
وعدت من,1
الاردب وعدت,1
وكذا الاردب,1
درهم وكذا,1
ستين درهم,1
سبعه ستين,1
مايه سبعه,1
الي مايه,1
وانتهي القمح,1
البلا وانتهي,1
الناس البلا,1
مثلا وضرب,1
امنه ذات,1
والجوع سبع,1
الاعراف ولقد,1
بعد عام,1
عاما بعد,1
والجوع عاما,1
قومه بالسنين,1
فرعون قومه,1
ال فرعون,1
ال ولقد,1
طاعته الاعراف,1
يجعلكم سكان,1
في طاعته,1
تعملون في,1
كيف تعملون,1
فينظر كيف,1
مصر فينظر,1
ارض مصر,1
الارض ارض,1
عام ونقص,1
الثمرات من,1
من ذهاب,1
ذهاب الثمرات,1
عشرين وماه,1
ببغداد عشرين,1
بره وبلغ,1
وهو بره,1
كثير ورحل,1
مكه كثير,1
والرخا والنعيم,1
الخصب والرخا,1
الحسنه الخصب,1
الحسنه فاذا,1
الاعراف فاذا,1
يتعظوا الاعراف,1
لكي يتعظوا,1
يذكرون لكي,1
الثمرات لعلهم,1
سكان الارض,1
الارض يجعلكم,1
سنين اذا,1
انكم منا,1
كما امتحنا,1
الجنه كما,1
تمنعون ولا,1
لا تمنعون,1
تنصرون لا,1
لا تنصرون,1
منا لا,1
اليوم انكم,1
في الارض,1
اليوم لا,1
الممنون لا,1
لهم الممنون,1
ونقول لهم,1
ويجزعون ونقول,1
يضجون ويجزعون,1
يجارون يضجون,1
امتحنا اصحاب,1
اصحاب البستان,1
البستان باحراقها,1
باحراقها وذهاب,1
ويستخلفكم في,1
والجوع ويستخلفكم,1
كان يتصدق,1
جنه كان,1
وله جنه,1
اب وله,1
لهم اب,1
وكان لهم,1
اليمن وكان,1
بناحيه اليمن,1
قوما بناحيه,1
وكانوا قوما,1
منها وكانوا,1
قوتهم منها,1
وذهاب قوتهم,1
وخمسماه وعظم,1
الامر علي,1
تعالي هذه,1
الكور بحمل,1
تتابع عليهم,1
شديد تتابع,1
اتشكون الجوع,1
لهم اتشكون,1
مرو فاعطي,1
الطعام الي,1
بحمل الطعام,1
شديد فكتب,1
احدي وخمسين,1
ولايته سنه,1
وكانت ولايته,1
غيطشه وكانت,1
ابنه غيطشه,1
بعده ابنه,1
ملك بعده,1
ثم ملك,1
سنه احدي,1
وخمسين الي,1
ان ينصلح,1
عبد العزيز,1
وتسعين بحرا,1
تسع وتسعين,1
توجه في,1
بمكه توجه,1
دلف العجلي,1
ابي دلف,1
العزيز بن,1
دلف بن,1
الي سنه,1
وصل دلف,1
وفيها وصل,1
عنهم وفيها,1
الله عنهم,1
وكشف الله,1
وخمسين وكشف,1
خمس وخمسين,1
مذموما ثم,1
جارا مذموما,1
وكان جارا,1
من شدته,1
الملك بن,1
عبد الملك,1
عسكر عبد,1
وفيها عسكر,1
الغزو وفيها,1
علي الغزو,1
شدته علي,1
يقدروا من,1
سنه وكان,1
لم يقدروا,1
انهم لم,1
حتي انهم,1
يعود اليها,1
ثم يعود,1
البلاد ثم,1
حال البلاد,1
مروان ببطنان,1
ببطنان وهو,1
وهو قريب,1
قريب من,1
عشره سنه,1
خمس عشره,1
ابقه خمس,1
بعده ابقه,1
ثم بعده,1
الجوع ثم,1
لشده الجوع,1
تخرب لشده,1
الاندلس تخرب,1
كانت الاندلس,1
حتي كانت,1
بها ثم,1
وشتا بها,1
قنسرين وشتا,1
من قنسرين,1
بحرا اما,1
اما للشام,1
للشام او,1
المال ونظر,1
اضيفت الحسبه,1
ثم اضيفت,1
تليها ثم,1
التي تليها,1
رجب التي,1
الكسوه في,1
ونظر الكسوه,1
بيت المال,1
وتشحط الحوانيت,1
وكاله بيت,1
ولي وكاله,1
ثم ولي,1
صرف ثم,1
ثم صرف,1
الخبز ثم,1
من الخبز,1
الحسبه اليهما,1
اليهما بل,1
بل كان,1
وجدب فجعلت,1
فانزل الله,1
الطرقات فانزل,1
ويلوثون الطرقات,1
منازلهم ويلوثون,1
المدينه منازلهم,1
اهل المدينه,1
يضيقون علي,1
فكانوا يضيقون,1
اسلمنا فكانوا,1
ويقولون اسلمنا,1
باجمعهم ويقولون,1
المدينه باجمعهم,1
تقبل الي,1
القبيله تقبل,1
فجعلت القبيله,1
الحوانيت من,1
الغلا وتشحط,1
او لمصر,1
اعيد اليها,1
يقول في,1
وتاييد يقول,1
لم يشكو,1
اقول لم,1
الميد وحصل,1
في مرض,1
اليها في,1
ثم اعيد,1
بن حميد,1
الصحبه ثم,1
قصده محمد,1
الله قصده,1
انجح الله,1
لهما انجح,1
او لهما,1
لمصر او,1
وساتر ال,1
ال عيوب,1
المفرط ذكره,1
ذكره شيخنا,1
الدين بن,1
همام الدين,1
بن همام,1
الكمال بن,1
مسعود الكمال,1
بن مسعود,1
الواحد بن,1
عبد الواحد,1
وطوله محمد,1
عقوده وطوله,1
في عقوده,1
والمقريزي في,1
انباه والمقريزي,1
في انباه,1
شيخنا في,1
ينصلح حال,1
الدفعه الي,1
اهل البلاد,1
صوري فصبروا,1
اليهم الطعام,1
يحملون اليهم,1
المسلمون يحملون,1
وكان المسلمون,1
هذا وكان,1
علي هذا,1
فصبروا علي,1
من ماه,1
البلدان منهم,1
الحنطه اكثر,1
غراره الحنطه,1
بلغت غراره,1
الفرنج حتي,1
كل ثلاث,1
بالموصل كل,1
الشعير بالموصل,1
الطعام من,1
منهم الامير,1
هذه الدفعه,1
افني الناس,1
كثيرا ولقد,1
كانوا كثيرا,1
ان كانوا,1
والسنانير بعد,1
فقل الكلاب,1
والسنانير فقل,1
الناس وفي,1
كثير افني,1
الغلا بالبلاد,1
عليه وبا,1
لحقهم عليه,1
الميته واكل,1
الاقوات حتي,1
وتعذرت الاقوات,1
النيل وتعذرت,1
بالبلاد المصريه,1
وكان الشعير,1
عتق وكان,1
صوريه عتق,1
عنها وعادوا,1
عده حوادث,1
ذكر عده,1
بها ذكر,1
فاقاموا بها,1
اشبيليه فاقاموا,1
الي اشبيليه,1
وعادوا الي,1
فرحلوا عنها,1
دينارا صوريه,1
الاقوات فرحلوا,1
العسكر وعدمت,1
البوادي المدن,1
اهل البوادي,1
وقصد اهل,1
بعضا وقصد,1
البلاد حتي,1
حوادث في,1
السنه فلي,1
فلي ربيع,1
الاخر توفي,1
بعشرين دينارا,1
بالموصلي بعشرين,1
مكوكا بالموصلي,1
عشر مكوكا,1
اربعه عشر,1
وهي اربعه,1
بدمشق وهي,1
الحنطه بدمشق,1
الغراره الحنطه,1
فبيعت الغراره,1
البلاد فبيعت,1
عاما في,1
وكان عاما,1
العبادي الواعظ,1
توفي العبادي,1
من الحجاز,1
والعراق والموصل,1
والموصل والجزيره,1
واكلوا الكلاب,1
فيموت منهم,1
الوبا فيموت,1
فيهم الوبا,1
كثر فيهم,1
وقد كثر,1
والميته وقد,1
الكلاب والميته,1
القوت واكلوا,1
الي العزيز,1
عن القوت,1
وقد عجزوا,1
عليهم وقد,1
اشتد عليهم,1
اليه فوعده,1
وتقرب اليه,1
بمصر وتقرب,1
اليوم نحو,1
نحو ثلاثماه,1
ثلاثماه نفس,1
نفس فعاد,1
يتاخر هذه,1
ان يتاخر,1
منه ان,1
ويطلب منه,1
بلادهم ويطلب,1
عن بلادهم,1
الاكره عن,1
لهرب الاكره,1
والاقوات لهرب,1
الغلات والاقوات,1
لعدم الغلات,1
بالناس لعدم,1
اشتد بالناس,1
تفقور عن,1
فعاد تفقور,1
بالله بمصر,1
وحماها وكتب,1
والجزيره والشام,1
كان الناس,1
فلما وصلوا,1
الري فلما,1
الي الري,1
وساروا الي,1
بعضا وساروا,1
والكلاب واكل,1
البلاد التي,1
وفيها كان,1
الطرق وحماها,1
بالمدينه وفيها,1
التي بالمدينه,1
الشده التي,1
يبلغ الشده,1
لم يبلغ,1
انه لم,1
الا انه,1
وصلوا اليها,1
اليها انضم,1
انضم اليهم,1
اليهم النظاميه,1
وحفظ الطرق,1
الغلات وحفظ,1
حمل الغلات,1
في حمل,1
وتردد الناس,1
اليه وتردد,1
حمص اليه,1
الاقوات من,1
بكجور الاقوات,1
فحمل بكجور,1
بدمشق فحمل,1
والقحط بدمشق,1
فكثر جمعهم,1
وغيرهم فكثر,1
النظاميه وغيرهم,1
وفاه قاده,1
بمكه وفيه,1
الحديث دليل,1
من ابنا,1
فقالوا كيف,1
معاش فقالوا,1
فيها معاش,1
لكم فيها,1
كان لكم,1
السبيل كان,1
ابنا السبيل,1
الظاهره من,1
نمنعها فاقبل,1
هذه الظاهره,1
ثماركم هذه,1
منعتم ثماركم,1
ان منعتم,1
لبعض ان,1
بعضهم لبعض,1
فقال بعضهم,1
كيف نمنعها,1
فاقبل بعضهم,1
كانت السنه,1
العام ومنه,1
العام ولما,1
يطلق بالغلبه,1
السنه يطلق,1
والجوع فان,1
عليهم كسني,1
اجعلها عليهم,1
ومنه قوله,1
تطلق بالغلبه,1
بعضهم علي,1
سنه فان,1
دونه الانعام,1
فنزل قل,1
لهم فنزل,1
ليدعوا لهم,1
وسلم ليدعوا,1
علي بعض,1
وجوع فقال,1
شديد وجوع,1
درهما والبيض,1
وسمت الناس,1
حتي باعوا,1
وبلغ الخبر,1
راعم وبلغ,1
سنه راعم,1
السنه سنه,1
تلك السنه,1
الناس تلك,1
شديده وسمت,1
ابيع الفروج,1
سنه شديده,1
وكانت سنه,1
درهما وكانت,1
والبقسماطه باثني,1
درهما والبقسماطه,1
باربعين درهما,1
الشعير باربعين,1
باعوا اولادهم,1
اولادهم بالقوت,1
بالقوت وان,1
وان طافه,1
انه ابيع,1
امتد الغلا,1
بها جماعه,1
وجدوا بها,1
يعقوب وجدوا,1
بني يعقوب,1
محله بني,1
الي محله,1
وصولهم الي,1
وعند وصولهم,1
مكه وعند,1
قاصده الي,1
خرجت قاصده,1
منهم خرجت,1
طافه منهم,1
ولما كانت,1
علي نقص,1
وفيه مات,1
ابن البطريق,1
كثير وقال,1
لحقهم وبا,1
الاقوات واكل,1
فتعذرت الاقوات,1
النيل فتعذرت,1
بمصر لعدم,1
البطريق وفي,1
والوبا قال,1
الموفق عبد,1
القحط والوبا,1
الغلا به,1
وارتفع عنهم,1
فمطروا وارتفع,1
الله فمطروا,1
الي الله,1
وابتهلوا الي,1
وقال الموفق,1
عبد اللطيف,1
نقص الحبوب,1
الرطل الشيرج,1
وسلم وقيل,1
والحاجه بدعا,1
والجوع والحاجه,1
كل ستين,1
كان كل,1
بقيراطين بعد,1
الشيرج بقيراطين,1
فبيع الرطل,1
اللطيف دخلت,1
شي فبيع,1
الطعام كل,1
مع الطعام,1
وغلا مع,1
والسنانير وغلا,1
سبع مفترسه,1
دخلت سنه,1
فدعوا وابتهلوا,1
الهم فدعوا,1
الي الهم,1
الاسعار في,1
ويصرف الدراهم,1
بالدراهم ويصرف,1
فيه بالدراهم,1
فيقومها فيه,1
الاحوال فيقومها,1
اعم الاحوال,1
في اعم,1
غالب الاسعار,1
يبتهلوا الي,1
يراعي غالب,1
بل يراعي,1
والقحط بل,1
فقال ونقص,1
بالثمار فقال,1
صرح بالثمار,1
الحبوب صرح,1
الدراهم في,1
في طعام,1
طعام ولا,1
ولا يتصدق,1
ان يبتهلوا,1
النصاري ان,1
فسالوا النصاري,1
يهلكوا فسالوا,1
ان يهلكوا,1
الناس ان,1
كاد الناس,1
شديد كاد,1
تجزه لان,1
لم تجزه,1
بالدراهم لم,1
تصدق بالدراهم,1
فان تصدق,1
بالدراهم فان,1
يتصدق بالدراهم,1
من الشعير,1
الويبه من,1
بيعت الويبه,1
عليهم وبطل,1
الي اخلاط,1
جهير الي,1
ابن جهير,1
ومضي ابن,1
التدبير ومضي,1
ذلك التدبير,1
وبطل ذلك,1
فقبض عليهم,1
وعاد من,1
مروان فقبض,1
ابن مروان,1
وعلم ابن,1
الابواب وعلم,1
بفتح الابواب,1
فهموا بفتح,1
امد فهموا,1
اخلاط وعاد,1
من معه,1
ان بيعت,1
مه في,1
فرحل الي,1
المال فرحل,1
اذهبت المال,1
وسنوات اذهبت,1
شديد وسنوات,1
فريق مصر,1
وتفرق فريق,1
وستين واربع,1
وتفرقوا ايدي,1
اثنتين وستين,1
سنه اثنتين,1
اعظم من,1
ممزق اعظم,1
ومزقوا كل,1
سبا ومزقوا,1
ايدي سبا,1
واهل امد,1
اهلها واهل,1
وراسل اهلها,1
فخذ كلب,1
الرطل السمك,1
وبلغ الرطل,1
الغلا وبلغ,1
اخضر وجف,1
قد اخضر,1
ميت قد,1
كلب ميت,1
ومعها فخذ,1
الغلا وراسل,1
معلي ومعها,1
بنهر معلي,1
امراه بنهر,1
شاهدت امراه,1
لقد شاهدت,1
النعمه لقد,1
غرس النعمه,1
السمك الجرعاني,1
الجرعاني متي,1
متي درهم,1
درهم رصاصا,1
باقي التركمان,1
وعاد باقي,1
بدينار وعاد,1
الفا بدينار,1
عشرين الفا,1
والي عشرين,1
درهم والي,1
عشر الف,1
ثمانيه عشر,1
الي ثمانيه,1
الدينار الي,1
يبلغ الدينار,1
بالرصاص يبلغ,1
ومعاملتهم بالرصاص,1
رصاصا ومعاملتهم,1
الشام فاشتري,1
فاشتري الدقيق,1
الدقيق والسمن,1
وفيها اجدبت,1
الغلا فبلغ,1
فيجد فيها,1
والقحط والجوع,1
تسفي الريح,1
فكانت تسفي,1
الارض فكانت,1
اجدبت الارض,1
جندل وفيها,1
لاجل هلا,1
ابو جندل,1
شرب ابو,1
فيمن شرب,1
وكان فيمن,1
الخمر وكان,1
شربوا الخمر,1
الذين شربوا,1
فبلغ سعر,1
سعر القمح,1
القمح الغراره,1
الغراره منه,1
من الجبن,1
عشر والرطل,1
اللحم باثني,1
من اللحم,1
بدرهمين والرطل,1
الخبز بدرهمين,1
والرطل الخبز,1
درهم والرطل,1
ماتي درهم,1
الي ماتي,1
الشعير الي,1
ومن الشعير,1
درهم ومن,1
بثلاثماه درهم,1
منه بثلاثماه,1
هلا الذين,1
بالشام لاجل,1
والسمن والزيت,1
ويلته بالسمن,1
ان مرو,1
الكور ان,1
عظيمه فكتب,1
ومجاعه عظيمه,1
ويهشمه ويجمع,1
والزيت ويهشمه,1
بالسمن والزيت,1
الثريد ويلته,1
الطاعون بالشام,1
ويصنع الثريد,1
الجزور ويصنع,1
ينحر الجزور,1
وكان ينحر,1
مكه وكان,1
وحمله الي,1
والزيت وحمله,1
مرو كانت,1
امنه مطمنه,1
مطمنه ياتيها,1
ياتيها رزقها,1
حدث الطاعون,1
انما حدث,1
هشام انما,1
وقال هشام,1
والطاعون وقال,1
والجوع والطاعون,1
اليها الماده,1
فاحملوا اليها,1
الله فاحملوا,1
بانعم الله,1
فكفرت بانعم,1
مكان فكفرت,1
كل مكان,1
رغدا من,1
رزقها رغدا,1
هو قتلهم,1
قتلهم واسرهم,1
واسرهم يوم,1
وعاد الي,1
وفتح مدينه,1
افريقيه وفتح,1
بلاد افريقيه,1
قصد بلاد,1
وسبعين قصد,1
مراكش وفي,1
الي مراكش,1
عنها وعاد,1
قفصه ثم,1
فرجع عنها,1
عسكره فرجع,1
في عسكره,1
المطلب بن,1
بن المطلب,1
وماتين محمد,1
ثمان وستين,1
مدينه قفصه,1
دخل جزيره,1
والضرر وكثر,1
المستنصر حسبما,1
حرف الميم,1
في حرف,1
ترجمته في,1
في ترجمته,1
مشروح في,1
هو مشروح,1
حسبما هو,1
جده المستنصر,1
جزيره الاندلس,1
زمان جده,1
في زمان,1
بمصر في,1
حصل بمصر,1
الذي حصل,1
المفرط الذي,1
الاندلس في,1
مولده في,1
وكان مولده,1
هناك وكان,1
يمر من,1
قد اعد,1
العباس قد,1
كان ابو,1
وخمسماه كان,1
اربعين وخمسماه,1
سنه اربعين,1
سيما في,1
من يمر,1
مات هناك,1
يخطفون من,1
الطرقات يخطفون,1
في الطرقات,1
ووقفوا في,1
والميتات ووقفوا,1
الجيف والميتات,1
الجوع حتي,1
اعد ستين,1
ستين دينارا,1
دينارا نفقه,1
نفقه للحج,1
واحسبه مات,1
ماه واحسبه,1
وثلاث ماه,1
ثلاثين وثلاث,1
سنه ثلاثين,1
ببغداد بعد,1
ان انفذ,1
وكيله بعد,1
بكر وكيله,1
ابو بكر,1
ووجه ابو,1
طعام ووجه,1
علي طعام,1
فقدمها علي,1
للحج فقدمها,1
الميم فاقام,1
بها ينتظر,1
ينتظر ايام,1
فخرجنا نستسقي,1
فقلت له,1
الخرابات فقلت,1
بعض الخرابات,1
بسعدون في,1
انا بسعدون,1
فاذا انا,1
نستسقي فاذا,1
شديد فخرجنا,1
يوسف كما,1
الثانيه فلم,1
خرج الثانيه,1
اسرايل فلم,1
ليستسقي ببني,1
موسي ليستسقي,1
والسلام فخرج,1
الصلاه والسلام,1
له بالذي,1
بالذي خلقك,1
خلقك استسق,1
استسق لنا,1
هذا الحديث,1
وفي هذا,1
الارض وفي,1
يعم الارض,1
الا يعم,1
فاحري الا,1
والجوع فاحري,1
الاشباح والارواح,1
فاطر الاشباح,1
يا فاطر,1
وقال يا,1
السما وقال,1
راسه الي,1
فرفع راسه,1
لنا فرفع,1
عليه الصلاه,1
واجعلها سنين,1
ايام الرخا,1
تتخشع عند,1
اذا لهم,1
والجوع اذا,1
باسنا تضرعوا,1
جاهم باسنا,1
الشداد فلولا,1
نزول الشداد,1
عند نزول,1
فالنفوس تتخشع,1
وسلم حيث,1
ذنوبهم فالنفوس,1
والاموال لعلهم,1
والثاني المرض,1
والجوع والثاني,1
الشده فولد,1
وزوال الشده,1
الرخا وزوال,1
لهم مكر,1
مكر في,1
في اياتنا,1
اياتنا اي,1
والرمم بدعا,1
الجيف والرمم,1
كادوا يهلكون,1
مكه حتي,1
سنين علي,1
القحط سبع,1
سلط القحط,1
تعالي سلط,1
انه تعالي,1
روي انه,1
وانكارها روي,1
بدفعها وانكارها,1
باياتنا بدفعها,1
مكروا باياتنا,1
اي مكروا,1
وكثر الجوع,1
الفساد والضرر,1
بدر ومن,1
اشهر واستقر,1
النيل زادا,1
ونقص النيل,1
ايامه ونقص,1
في ايامه,1
الناس بعد,1
حال الناس,1
واستقر حال,1
اربعه اشهر,1
عما عهد,1
به اربعه,1
اقاموا به,1
بعدما اقاموا,1
المرج بعدما,1
من المرج,1
والامرا من,1
الافرم والامرا,1
زادا عما,1
عهد في,1
وعظم الفساد,1
له ردي,1
في البلد,1
ووقع في,1
الغلا ووقع,1
راي ذلك,1
اذا راي,1
سلعته وكان,1
ردي سلعته,1
القدر له,1
في قديم,1
ينفق القدر,1
ولم ينفق,1
بطلعته ولم,1
الناس بطلعته,1
فتشام الناس,1
اعوامه فتشام,1
قديم اعوامه,1
دخل الافرم,1
دراهم ثم,1
بتسعه دراهم,1
زعمتم من,1
الحال من,1
تحويل الحال,1
او تحويل,1
غيركم او,1
الي غيركم,1
تحويلا الي,1
دونه انها,1
والبرزخ هو,1
الرطل بتسعه,1
والبعث والبرزخ,1
الموت والبعث,1
بين الموت,1
هو ما,1
برزخ هو,1
وراهم برزخ,1
ومن وراهم,1
الوسيله يعني,1
يعني الذين,1
الذين يدعونهم,1
يدعونهم المشركون,1
وبيع الرطل,1
بدمشق وبيع,1
اللحم بدمشق,1
وعز اللحم,1
الغلا وعز,1
وجل انا,1
قوله عز,1
صالح عن,1
ابي صالح,1
عن ابي,1
الكلبي عن,1
عن الكلبي,1
مروان عن,1
روي محمد,1
بلونا ابتلينا,1
البلد خوف,1
خوف شديد,1
شديد من,1
مده رمضان,1
الدقيق بسته,1
التليس والحمله,1
وثلث التليس,1
دنانير وثلث,1
القمح باربعه,1
فبيع القمح,1
الغلا فبيع,1
في مده,1
بدرهم واللحم,1
مات في,1
من مات,1
عده من,1
وبلغت عده,1
بالجوع وبلغت,1
الناس بالجوع,1
ومات كثير,1
بسته دنانير,1
دنانير والخبز,1
والخبز رطل,1
رطل وربع,1
الاعمال وعظم,1
في الاعمال,1
الاقوات في,1
وقلت الاقوات,1
بمصر وقلت,1
تجمع العبيد,1
عشريه تجمع,1
ثالث عشريه,1
وفي ثالث,1
شديده وفي,1
مسغبه شديده,1
بالناس مسغبه,1
ونزل بالناس,1
بدرهم ونزل,1
وربع بدرهم,1
بدرهم ومات,1
رطلا بدرهم,1
من طرف,1
فتحارسوا في,1
فلما كان,1
الغلا فلما,1
الطرقات وعظم,1
من الطرقات,1
نسا من,1
واخذت نسا,1
الليل واخذت,1
الناس فتحارسوا,1
الدقيق رطلا,1
دور الناس,1
وكبسه دور,1
الليل وكبسه,1
اللصوص في,1
من اللصوص,1
رجل من,1
طرف رجل,1
كان ليله,1
ليله عيد,1
عيد الشعانين,1
الشعانين منع,1
ابيع الدقيق,1
باحضار ما,1
وامر باحضار,1
رجب وامر,1
جماعه منهم,1
علي جماعه,1
وقبض علي,1
عادتهم وقبض,1
هي عادتهم,1
ما هي,1
كناسهم علي,1
تزيين كناسهم,1
من تزيين,1
النصاري من,1
منع النصاري,1
قال غرس,1
والقطاط قال,1
والكلاب والقطاط,1
فاكثرهم من,1
لبابه ويموت,1
لبابه لله,1
الفقير لله,1
الانسان الفقير,1
يقول الانسان,1
كان يقول,1
الجوع كان,1
الفقرا فاكثرهم,1
المفرط اذا,1
اما الفقرا,1
والفقرا اما,1
السعدا والفقرا,1
في السعدا,1
جدا في,1
عظيم وموت,1
والقحط وبا,1
ويموت مكانه,1
اذا ادي,1
لم اعلم,1
الدين سلفا,1
ذكره الغزالي,1
الذي ذكره,1
القيد الذي,1
هذا القيد,1
كان من,1
الا ما,1
سلفا في,1
عز الدين,1
ادي الي,1
للشيخ عز,1
اعرف للشيخ,1
ولا اعرف,1
يجوز ولا,1
لا يجوز,1
ضيعته لا,1
الي ضيعته,1
وسياتي ما,1
الزند وسياتي,1
سقط الزند,1
اربع وعشرين,1
القديم اربعه,1
الما القديم,1
السنه الما,1
المبارك في,1
النيل المبارك,1
مه النيل,1
وعشرين واربع,1
ذكر سنه,1
كتاب سقط,1
والقحط ذكر,1
عن الغول,1
يقال عن,1
كما يقال,1
سقمه كما,1
من سقمه,1
صحته من,1
اربعه اذرع,1
اذرع وعشره,1
وعشره اصابع,1
اصابع مبلغ,1
صاحب كتاب,1
الشاعر صاحب,1
المعري الشاعر,1
سليمان المعري,1
بن سليمان,1
العلا احمد,1
ابو العلا,1
جميعا وفيها,1
يفنوا جميعا,1
الناس يفنوا,1
كادوا الناس,1
والقحط حتي,1
ذراعا واصبعان,1
الزياده سته,1
مبلغ الزياده,1
لعدم توفيه,1
توفيه النيل,1
النيل مع,1
كل وقيه,1
املي مجلسا,1
المفرط املي,1
بعض الحاج,1
وصل بعض,1
ثم وصل,1
باربعه ثم,1
وقيه باربعه,1
والعسل كل,1
الدقيق بيع,1
بستين والعسل,1
الرجعه بستين,1
باربعين ثم,1
الصاع باربعين,1
بيع الصاع,1
التمر بيع,1
وان التمر,1
مجلسا فيما,1
فيما يتعلق,1
يتعلق بالاستسقا,1
بالاستسقا وهو,1
ابيه عن,1
عن ابيه,1
شعيب عن,1
بن شعيب,1
حديث عمرو,1
فيه حديث,1
اورد فيه,1
الاربعماه اورد,1
بعد الاربعماه,1
عشر بعد,1
السادس عشر,1
وهو السادس,1
الاخير وهو,1
المجلس الاخير,1
وهو المجلس,1
بيع وان,1
وان الدقيق,1
مع الغلا,1
ستماه ثم,1
يجدوا بالاخضر,1
ولم يجدوا,1
الجمال ولم,1
وموت الجمال,1
المفرط وموت,1
فنزح الناس,1
الي فنزح,1
الي ستماه,1
والحجاز وان,1
خمسماه ثم,1
الي خمسماه,1
القمح وصل,1
ان الاردب,1
فبلغنا ان,1
السابق فبلغنا,1
الغلا السابق,1
بالاخضر ما,1
ما في,1
في الذهاب,1
الذهاب فاعطي,1
الشام والحجاز,1
بارض الشام,1
المفرط بارض,1
تاسع عشره,1
الخميس تاسع,1
وصبيحه يوم,1
الحاج وصبيحه,1
عاده الحاج,1
حسب عاده,1
علي حسب,1
الرجعه علي,1
ماها في,1
للعرب ماها,1
التجار للعرب,1
فاعطي التجار,1
اعلم صحته,1
قولا لم,1
يحفظ نفسه,1
بها وعدم,1
حتي فقدت,1
والكلاب حتي,1
القطاط والكلاب,1
فيها القطاط,1
اكلت فيها,1
وانه اكلت,1
الاقوات وانه,1
وفيه اشتد,1
من مكه,1
الغلا وفيه,1
زالوا به,1
ب زالوا,1
ولا ب,1
السلطان ولا,1
نسا السلطان,1
ذلك نسا,1
فقدت من,1
مكه فاكل,1
يقال قولا,1
اشتد بالبلاد,1
فرق السلطان,1
وفيه فرق,1
البيعه وفيه,1
نفقه البيعه,1
تفريق نفقه,1
الروميه تفريق,1
بالبلاد الروميه,1
الكثير من,1
فاكل بعض,1
صار الكثير,1
حتي صار,1
منهم حتي,1
الخوف منهم,1
وكثر الخوف,1
الادميين وكثر,1
الناس الادميين,1
يعجب ذلك,1
فلم يعجب,1
ترك فلم,1
وشعيب بن,1
حوادث هذه,1
عنه حوادث,1
والجراد ما,1
والقحط والجراد,1
راجح وودي,1
بن راجح,1
بن منصور,1
العمري وشعيب,1
حتي ترك,1
النصيح العمري,1
الكريم النصيح,1
بطيخ بن,1
مكه بطيخ,1
قواد مكه,1
من قواد,1
مات من,1
السنه لا,1
لا في,1
شهر معين,1
معين الحرب,1
ذلك حتي,1
مصر في,1
امرا مصر,1
وقام امرا,1
اشيا وقام,1
من اشيا,1
غير ذلك,1
الي غير,1
علي الناس,1
المشرفه وقتل,1
المدينه المشرفه,1
كانت الحرب,1
وفيها كانت,1
المنوره وفيها,1
المدينه المنوره,1
السلطان بيعه,1
بيعه النفقه,1
النفقه وجلس,1
الروم وكانوا,1
الاعانه علي,1
ونساله الاعانه,1
امثالهم ونساله,1
من امثالهم,1
صعبه فنعوذ,1
سنين صعبه,1
وكانوا سنين,1
بلاد الروم,1
وفيها خطب,1
مع بلاد,1
الفرنج مع,1
جزار الفرنج,1
حتي جزار,1
ناصر الدين,1
الكامل ناصر,1
باسم الملك,1
ما بقي,1
بقي انه,1
انه ولي,1
ولي ذلك,1
هذا يقال,1
قلت هذا,1
الفرنج قلت,1
اخذوها الفرنج,1
سنه اخذوها,1
دمياط سنه,1
في دمياط,1
ظهر في,1
انه ظهر,1
ويقال انه,1
والفتن ويقال,1
والموت والفتن,1
والقحط والموت,1
والقادر عليه,1
ذلك والقادر,1
خطب باسم,1
امثالها وفيها,1
وجلس نظام,1
فانه جعلها,1
يحصيه ديوان,1
مما يحصيه,1
يوم مما,1
يموت في,1
وكان يموت,1
الوبا وكان,1
جعلها خمسون,1
الشر فانه,1
من امثالها,1
مستشعر الشر,1
وهو مستشعر,1
ذلك وهو,1
لتفرقه ذلك,1
برسباي لتفرقه,1
الملك برسباي,1
نظام الملك,1
ديوان المواريث,1
المواريث نحو,1
نحو العشره,1
العشره الاف,1
ستين فنعوذ,1
الي ستين,1
خمسين الي,1
من خمسين,1
والفول من,1
والشعير والفول,1
درهم والشعير,1
بمصر وبلغ,1
صعاليك الناس,1
من صعاليك,1
يعرف من,1
لا يعرف,1
عمن لا,1
خارجا عمن,1
الاف خارجا,1
عن جده,1
نفسه ففزع,1
الميتات والكلاب,1
ودعا بدعا,1
الساعه الساعه,1
رب الساعه,1
يا رب,1
قال يا,1
ثم قال,1
عظيم ثم,1
بدعا عظيم,1
السما ودعا,1
فما خرج,1
يديه الي,1
فرفع يديه,1
الدعا فرفع,1
في الدعا,1
فسالوه في,1
شديد فسالوه,1
للمسلم دينه,1
الساعه فما,1
خرج الناس,1
فيقال اخرج,1
بمصر تاثر,1
الانسان الذي,1
ان الانسان,1
الاجتماعيه ان,1
بالحاله الاجتماعيه,1
الزركشي بالحاله,1
الامام الزركشي,1
تاثر الامام,1
وقع الغلا,1
الناس عنه,1
ه وقع,1
الطاعون وفي,1
ابتاد الطاعون,1
ه ابتاد,1
اغاثهم الله,1
حتي اغاثهم,1
عنه حتي,1
ليسلم للمسلم,1
كانت ليسلم,1
حيث كانت,1
يذهب من,1
سار علي,1
ذلك سار,1
اثنا ذلك,1
والسيف في,1
بالحرب والسيف,1
قبل بالحرب,1
من قبل,1
لم يذهب,1
الفتن حيث,1
ما لم,1
الارواح ما,1
من الارواح,1
سبيله من,1
في سبيله,1
ذهب في,1
شديد ذهب,1
يوسف في,1
المحرم سنه,1
والضجيج من,1
والقحط وان,1
الفرار من,1
علي الفرار,1
الحث علي,1
فيه الحث,1
الفتن فيه,1
بدينه من,1
يفر بدينه,1
الممن يفر,1
عيش الممن,1
يطيب عيش,1
الاسعار يطيب,1
في الاسعار,1
الرخص في,1
مع الرخص,1
وان مع,1
الذي يسعي,1
يسعي لان,1
لان يكون,1
فاكل اصحابه,1
يستنجد به,1
الدوله يستنجد,1
سلطان الدوله,1
الي سلطان,1
فكتب الي,1
الجيف فكتب,1
اصحابه الجيف,1
الغلا فاكل,1
الطرقات فكانت,1
سرقت صبيا,1
قد سرقت,1
علويه قد,1
امراه علويه,1
ووجدت امراه,1
تاكل لحومهم,1
الكلاب تاكل,1
به فلم,1
فلم ينجده,1
ينجده وشرع,1
وشرع اعداه,1
واكلت الميتات,1
بالرغفان واكلت,1
العقارات بالرغفان,1
فبيعت العقارات,1
ببغداد فبيعت,1
والاموال واخراجه,1
بالعساكر والاموال,1
بتعزيزه بالعساكر,1
رايه بتعزيزه,1
وتسفيه رايه,1
فيه وتسفيه,1
عنده فيه,1
الوقيعه عنده,1
في الوقيعه,1
اعداه في,1
فكانت الكلاب,1
علي الطرقات,1
يكون كريما,1
وبغداد حتي,1
الي البلاد,1
الرجال الي,1
فهرب الرجال,1
ببغداد فهرب,1
واحد من,1
يرمي جماعه,1
كان يرمي,1
بمكه وبغداد,1
شعبان واكل,1
الوبا بمكه,1
ووقع الوبا,1
والحشيش ووقع,1
مه وثلاثين,1
الكر مه,1
فبلغ الكر,1
ببغداد فبلغ,1
البلاد وبقي,1
وبقي النسا,1
النسا فكن,1
فكن المخدرات,1
في شعبان,1
فاذا سقطت,1
الجوع فاذا,1
الجوع الجوع,1
يصحن الجوع,1
البعض يصحن,1
علي البعض,1
بعضهن علي,1
معتمدات بعضهن,1
بيوتهن معتمدات,1
من بيوتهن,1
عشرين من,1
عشرين عشرين,1
يخرجن عشرين,1
المخدرات يخرجن,1
فيها الجماعه,1
والبكا والضجيج,1
ففزع اليه,1
بلغ سبعه,1
وفي ذي,1
القعده وفي,1
اخر ذي,1
في اخر,1
ونصف في,1
افرنتيه ونصف,1
سبعه افرنتيه,1
منه بلغ,1
الخراب ان,1
المن منه,1
لان المن,1
كثيرا لان,1
السمن كثيرا,1
في السمن,1
وفحش في,1
الماكولات وفحش,1
القعده من,1
ان يستولي,1
الصراخ والبكا,1
حواري بعشرين,1
وثلث وفي,1
دراهم وثلث,1
ثلاثه دراهم,1
الرطل ثلاثه,1
ثمن الرطل,1
فيكون ثمن,1
درهم فيكون,1
من حواري,1
سار الاقاليم,1
دقيق من,1
لناصر الدوله,1
اشتري لناصر,1
حتي اشتري,1
السنه حتي,1
بيع الكلب,1
الاقاليم حتي,1
بن اسماعيل,1
ابراهيم بن,1
بالناس ابراهيم,1
النجوم فاذن,1
له منفس,1
المخزن له,1
ذلك المخزن,1
لي وكان,1
قالت لي,1
الضعيف قالت,1
وكثر الضعيف,1
علم النجوم,1
حج بالناس,1
من علم,1
واستاذنه ان,1
العلم واستاذنه,1
في العلم,1
الرغبه في,1
وشفاعته الرغبه,1
اليه وشفاعته,1
منفس غير,1
غير بابه,1
بابه فاغلق,1
فاغلق والدي,1
ثم حج,1
قال ثم,1
بريه قال,1
وهو بريه,1
فانجلا من,1
الاسلام فانجلا,1
وكان كل,1
المنفس وكان,1
ذلك المنفس,1
الشعير من,1
يخرج الشعير,1
وكان يخرج,1
المخزن وكان,1
باب المخزن,1
والدي باب,1
وفي التاريخ,1
عروضا لها,1
لها قيمته,1
والشام والحجاز,1
الخير بن,1
وسعد الخير,1
الصوفي وسعد,1
سعد الصوفي,1
ابي سعد,1
اسماعيل بن,1
توفي اسماعيل,1
مصر والشام,1
علي منصور,1
صاحب مصر,1
العبيدي صاحب,1
معد العبيدي,1
المعز معد,1
بن المعز,1
نزار بن,1
العزيز نزار,1
محمد الانصاري,1
الانصاري ووجيه,1
ووجيه الشحامي,1
الشحامي وزنكي,1
فوقع الصراخ,1
وعلي بن,1
المقر وعلي,1
ودعوان المقر,1
البطروجي ودعوان,1
الرحمن البطروجي,1
عبد الرحمن,1
جعفر احمد,1
وابو جعفر,1
الابنوسي وابو,1
الله الابنوسي,1
توفي احمد,1
اق سنقر,1
بن اق,1
وزنكي بن,1
بن العزيز,1
ابو علي,1
الاقوات وعظم,1
صلاح الدين,1
زبدي الذره,1
فبلغ زبدي,1
عدن فبلغ,1
في عدن,1
العادل بدمشق,1
عمهما العادل,1
الدين عمهما,1
ابنا صلاح,1
الله ابو,1
والظاهر ابنا,1
الافضل والظاهر,1
حصر الافضل,1
وفيها حصر,1
موتي الادميين,1
اكل موتي,1
الامر بهم,1
الذره سبعه,1
سبعه وعشرين,1
دينارا والارز,1
والارز اكثر,1
مات الحاكم,1
وفيها مات,1
الكلاب وفيها,1
ايضا قحط,1
ببغداد ايضا,1
وكان ببغداد,1
فاكلت الميته,1
بكر فاكلت,1
الدين عبد,1
عفيف الدين,1
القاضي عفيف,1
عدن القاضي,1
قاضي عدن,1
توفي قاضي,1
ذلك وفيها,1
السلام وهو,1
